ID_chick;Date;ID_fIle;Chick_age_days;Chick_age_category;Chick_hierarchy;Category;Behaviour;Row_event_start;Row_event_end;Number_rows_events;event
N1_PA_2022;18/11/2022;Nido1_axy35_pichonA_18112022_S1;15;C;A;Resting;R;411811;414348;2537;1
N1_PA_2022;18/11/2022;Nido1_axy35_pichonA_18112022_S1;15;C;A;Active_Others;A_downward;414349;414475;126;2
N1_PA_2022;18/11/2022;Nido1_axy35_pichonA_18112022_S1;15;C;A;Resting;R;414476;414993;517;3
N1_PA_2022;18/11/2022;Nido1_axy35_pichonA_18112022_S1;15;C;A;Active_Others;A_downward;414994;415098;104;4
N1_PA_2022;18/11/2022;Nido1_axy35_pichonA_18112022_S1;15;C;A;Resting;R;415099;415609;510;5
N1_PA_2022;18/11/2022;Nido1_axy35_pichonA_18112022_S1;15;C;A;Active_Others;A_downward;415610;417420;1810;6
N1_PA_2022;18/11/2022;Nido1_axy35_pichonA_18112022_S1;15;C;A;Resting;R;417421;419026;1605;7
N1_PA_2022;18/11/2022;Nido1_axy35_pichonA_18112022_S1;15;C;A;Active_Others;A_downward;419027;423518;4491;8
N1_PA_2022;18/11/2022;Nido1_axy35_pichonA_18112022_S1;15;C;A;Begging;B_consp;423519;426493;2974;9
N1_PA_2022;18/11/2022;Nido1_axy35_pichonA_18112022_S1;15;C;A;Begging;B_pause;426494;426954;460;10
N1_PA_2022;18/11/2022;Nido1_axy35_pichonA_18112022_S1;15;C;A;Begging;B_consp;426955;427042;87;11
N1_PA_2022;18/11/2022;Nido1_axy35_pichonA_18112022_S1;15;C;A;Begging;B_pause;427043;427100;57;12
N1_PA_2022;18/11/2022;Nido1_axy35_pichonA_18112022_S1;15;C;A;Begging;B_consp;427101;428791;1690;13
N1_PA_2022;18/11/2022;Nido1_axy35_pichonA_18112022_S1;15;C;A;Begging;B_pause;428792;429051;259;14
N1_PA_2022;18/11/2022;Nido1_axy35_pichonA_18112022_S1;15;C;A;Begging;B_consp;429052;429549;497;15
N1_PA_2022;18/11/2022;Nido1_axy35_pichonA_18112022_S1;15;C;A;Begging;B_pause;429550;429676;126;16
N1_PA_2022;18/11/2022;Nido1_axy35_pichonA_18112022_S1;15;C;A;Begging;B_consp;429677;430044;367;17
N1_PA_2022;18/11/2022;Nido1_axy35_pichonA_18112022_S1;15;C;A;Begging;B_pause;430045;430159;114;18
N1_PA_2022;18/11/2022;Nido1_axy35_pichonA_18112022_S1;15;C;A;Begging;B_consp;430160;433775;3615;19
N1_PA_2022;18/11/2022;Nido1_axy35_pichonA_18112022_S1;15;C;A;Begging;B_pause;433776;434090;314;20
N1_PA_2022;18/11/2022;Nido1_axy35_pichonA_18112022_S1;15;C;A;Begging;B_consp;434091;435116;1025;21
N1_PA_2022;18/11/2022;Nido1_axy35_pichonA_18112022_S1;15;C;A;Begging;B_pause;435117;435182;65;22
N1_PA_2022;18/11/2022;Nido1_axy35_pichonA_18112022_S1;15;C;A;Begging;B_consp;435183;435727;544;23
N1_PA_2022;18/11/2022;Nido1_axy35_pichonA_18112022_S1;15;C;A;Begging;B_pause;435728;435840;112;24
N1_PA_2022;18/11/2022;Nido1_axy35_pichonA_18112022_S1;15;C;A;Begging;B_consp;435841;436025;184;25
N1_PA_2022;18/11/2022;Nido1_axy35_pichonA_18112022_S1;15;C;A;Begging;B_pause;436026;436230;204;26
N1_PA_2022;18/11/2022;Nido1_axy35_pichonA_18112022_S1;15;C;A;Begging;B_consp;436231;436693;462;27
N1_PA_2022;18/11/2022;Nido1_axy35_pichonA_18112022_S1;15;C;A;Active_Others;A_downward;436694;436803;109;28
N1_PA_2022;18/11/2022;Nido1_axy35_pichonA_18112022_S1;15;C;A;Active_Others;A_upward;436804;436915;111;29
N1_PA_2022;18/11/2022;Nido1_axy35_pichonA_18112022_S1;15;C;A;Active_Others;A_downward;436916;437128;212;30
N1_PA_2022;18/11/2022;Nido1_axy35_pichonA_18112022_S1;15;C;A;Active_Others;A_upward;437129;437365;236;31
N1_PA_2022;18/11/2022;Nido1_axy35_pichonA_18112022_S1;15;C;A;Active_Others;A_downward;437366;437522;156;32
N1_PA_2022;18/11/2022;Nido1_axy35_pichonA_18112022_S1;15;C;A;Active_Others;A_upward;437523;438026;503;33
N1_PA_2022;18/11/2022;Nido1_axy35_pichonA_18112022_S1;15;C;A;Active_Others;A_downward;438027;438345;318;34
N1_PA_2022;18/11/2022;Nido1_axy35_pichonA_18112022_S1;15;C;A;Active_Others;A_shaking;438346;438379;33;35
N1_PA_2022;18/11/2022;Nido1_axy35_pichonA_18112022_S1;15;C;A;Active_Others;A_downward;438380;438737;357;36
N1_PA_2022;18/11/2022;Nido1_axy35_pichonA_18112022_S1;15;C;A;Begging;B_consp;438738;439575;837;37
N1_PA_2022;18/11/2022;Nido1_axy35_pichonA_18112022_S1;15;C;A;Begging;B_pause;439576;439836;260;38
N1_PA_2022;18/11/2022;Nido1_axy35_pichonA_18112022_S1;15;C;A;Begging;B_consp;439837;439960;123;39
N1_PA_2022;18/11/2022;Nido1_axy35_pichonA_18112022_S1;15;C;A;Begging;B_pause;439961;440101;140;40
N1_PA_2022;18/11/2022;Nido1_axy35_pichonA_18112022_S1;15;C;A;Begging;B_consp;440102;441174;1072;41
N1_PA_2022;18/11/2022;Nido1_axy35_pichonA_18112022_S1;15;C;A;Eating;E_long;441175;442367;1192;42
N1_PA_2022;18/11/2022;Nido1_axy35_pichonA_18112022_S1;15;C;A;Begging;B_consp;442368;443104;736;43
N1_PA_2022;18/11/2022;Nido1_axy35_pichonA_18112022_S1;15;C;A;Active_Others;A_upward;443105;443570;465;44
N1_PA_2022;18/11/2022;Nido1_axy35_pichonA_18112022_S1;15;C;A;Active_Others;A_downward;443571;443742;171;45
N1_PA_2022;18/11/2022;Nido1_axy35_pichonA_18112022_S1;15;C;A;Begging;B_consp;443743;445348;1605;46
N1_PA_2022;18/11/2022;Nido1_axy35_pichonA_18112022_S1;15;C;A;Begging;B_pause;445349;445427;78;47
N1_PA_2022;18/11/2022;Nido1_axy35_pichonA_18112022_S1;15;C;A;Begging;B_consp;445428;446357;929;48
N1_PA_2022;18/11/2022;Nido1_axy35_pichonA_18112022_S1;15;C;A;Begging;B_pause;446358;446409;51;49
N1_PA_2022;18/11/2022;Nido1_axy35_pichonA_18112022_S1;15;C;A;Begging;B_consp;446410;446568;158;50
N1_PA_2022;18/11/2022;Nido1_axy35_pichonA_18112022_S1;15;C;A;Begging;B_pause;446569;446640;71;51
N1_PA_2022;18/11/2022;Nido1_axy35_pichonA_18112022_S1;15;C;A;Begging;B_consp;446641;447347;706;52
N1_PA_2022;18/11/2022;Nido1_axy35_pichonA_18112022_S1;15;C;A;Begging;B_pause;447348;447449;101;53
N1_PA_2022;18/11/2022;Nido1_axy35_pichonA_18112022_S1;15;C;A;Begging;B_consp;447450;447733;283;54
N1_PA_2022;18/11/2022;Nido1_axy35_pichonA_18112022_S1;15;C;A;Begging;B_pause;447734;447854;120;55
N1_PA_2022;18/11/2022;Nido1_axy35_pichonA_18112022_S1;15;C;A;Begging;B_consp;447855;448568;713;56
N1_PA_2022;18/11/2022;Nido1_axy35_pichonA_18112022_S1;15;C;A;Begging;B_pause;448569;448655;86;57
N1_PA_2022;18/11/2022;Nido1_axy35_pichonA_18112022_S1;15;C;A;Begging;B_consp;448656;448737;81;58
N1_PA_2022;18/11/2022;Nido1_axy35_pichonA_18112022_S1;15;C;A;Begging;B_pause;448738;448840;102;59
N1_PA_2022;18/11/2022;Nido1_axy35_pichonA_18112022_S1;15;C;A;Begging;B_consp;448841;448973;132;60
N1_PA_2022;18/11/2022;Nido1_axy35_pichonA_18112022_S1;15;C;A;Begging;B_pause;448974;449073;99;61
N1_PA_2022;18/11/2022;Nido1_axy35_pichonA_18112022_S1;15;C;A;Begging;B_consp;449074;449191;117;62
N1_PA_2022;18/11/2022;Nido1_axy35_pichonA_18112022_S1;15;C;A;Begging;B_pause;449192;449284;92;63
N1_PA_2022;18/11/2022;Nido1_axy35_pichonA_18112022_S1;15;C;A;Begging;B_consp;449285;449605;320;64
N1_PA_2022;18/11/2022;Nido1_axy35_pichonA_18112022_S1;15;C;A;Begging;B_pause;449606;449683;77;65
N1_PA_2022;18/11/2022;Nido1_axy35_pichonA_18112022_S1;15;C;A;Begging;B_consp;449684;450068;384;66
N1_PA_2022;18/11/2022;Nido1_axy35_pichonA_18112022_S1;15;C;A;Begging;B_pause;450069;450290;221;67
N1_PA_2022;18/11/2022;Nido1_axy35_pichonA_18112022_S1;15;C;A;Begging;B_consp;450291;451385;1094;68
N1_PA_2022;18/11/2022;Nido1_axy35_pichonA_18112022_S1;15;C;A;Eating;E_short;451386;451561;175;69
N1_PA_2022;18/11/2022;Nido1_axy35_pichonA_18112022_S1;15;C;A;Begging;B_consp;451562;451792;230;70
N1_PA_2022;18/11/2022;Nido1_axy35_pichonA_18112022_S1;15;C;A;Begging;B_pause;451793;451887;94;71
N1_PA_2022;18/11/2022;Nido1_axy35_pichonA_18112022_S1;15;C;A;Begging;B_consp;451888;452006;118;72
N1_PA_2022;18/11/2022;Nido1_axy35_pichonA_18112022_S1;15;C;A;Begging;B_pause;452007;452090;83;73
N1_PA_2022;18/11/2022;Nido1_axy35_pichonA_18112022_S1;15;C;A;Begging;B_consp;452091;452431;340;74
N1_PA_2022;18/11/2022;Nido1_axy35_pichonA_18112022_S1;15;C;A;Begging;B_pause;452432;452557;125;75
N1_PA_2022;18/11/2022;Nido1_axy35_pichonA_18112022_S1;15;C;A;Begging;B_consp;452558;453245;687;76
N1_PA_2022;18/11/2022;Nido1_axy35_pichonA_18112022_S1;15;C;A;Begging;B_pause;453246;453375;129;77
N1_PA_2022;18/11/2022;Nido1_axy35_pichonA_18112022_S1;15;C;A;Begging;B_consp;453376;453529;153;78
N1_PA_2022;18/11/2022;Nido1_axy35_pichonA_18112022_S1;15;C;A;Begging;B_pause;453530;453572;42;79
N1_PA_2022;18/11/2022;Nido1_axy35_pichonA_18112022_S1;15;C;A;Begging;B_consp;453573;453757;184;80
N1_PA_2022;18/11/2022;Nido1_axy35_pichonA_18112022_S1;15;C;A;Begging;B_pause;453758;453901;143;81
N1_PA_2022;18/11/2022;Nido1_axy35_pichonA_18112022_S1;15;C;A;Begging;B_consp;453902;453983;81;82
N1_PA_2022;18/11/2022;Nido1_axy35_pichonA_18112022_S1;15;C;A;Begging;B_pause;453984;454032;48;83
N1_PA_2022;18/11/2022;Nido1_axy35_pichonA_18112022_S1;15;C;A;Begging;B_consp;454033;454472;439;84
N1_PA_2022;18/11/2022;Nido1_axy35_pichonA_18112022_S1;15;C;A;Begging;B_pause;454473;454681;208;85
N1_PA_2022;18/11/2022;Nido1_axy35_pichonA_18112022_S1;15;C;A;Begging;B_consp;454682;454968;286;86
N1_PA_2022;18/11/2022;Nido1_axy35_pichonA_18112022_S1;15;C;A;Begging;B_pause;454969;455027;58;87
N1_PA_2022;18/11/2022;Nido1_axy35_pichonA_18112022_S1;15;C;A;Begging;B_consp;455028;455455;427;88
N1_PA_2022;18/11/2022;Nido1_axy35_pichonA_18112022_S1;15;C;A;Begging;B_pause;455456;455535;79;89
N1_PA_2022;18/11/2022;Nido1_axy35_pichonA_18112022_S1;15;C;A;Begging;B_consp;455536;455606;70;90
N1_PA_2022;18/11/2022;Nido1_axy35_pichonA_18112022_S1;15;C;A;Begging;B_pause;455607;455738;131;91
N1_PA_2022;18/11/2022;Nido1_axy35_pichonA_18112022_S1;15;C;A;Begging;B_consp;455739;455965;226;92
N1_PA_2022;18/11/2022;Nido1_axy35_pichonA_18112022_S1;15;C;A;Active_Others;A_downward;455966;456636;670;93
N1_PA_2022;18/11/2022;Nido1_axy35_pichonA_18112022_S1;15;C;A;Begging;B_consp;456637;457117;480;94
N1_PA_2022;18/11/2022;Nido1_axy35_pichonA_18112022_S1;15;C;A;Begging;B_pause;457118;457206;88;95
N1_PA_2022;18/11/2022;Nido1_axy35_pichonA_18112022_S1;15;C;A;Begging;B_consp;457207;457315;108;96
N1_PA_2022;18/11/2022;Nido1_axy35_pichonA_18112022_S1;15;C;A;Begging;B_pause;457316;457512;196;97
N1_PA_2022;18/11/2022;Nido1_axy35_pichonA_18112022_S1;15;C;A;Begging;B_consp;457513;457814;301;98
N1_PA_2022;18/11/2022;Nido1_axy35_pichonA_18112022_S1;15;C;A;Begging;B_pause;457815;457946;131;99
N1_PA_2022;18/11/2022;Nido1_axy35_pichonA_18112022_S1;15;C;A;Begging;B_consp;457947;458135;188;100
N1_PA_2022;18/11/2022;Nido1_axy35_pichonA_18112022_S1;15;C;A;Begging;B_pause;458136;458276;140;101
N1_PA_2022;18/11/2022;Nido1_axy35_pichonA_18112022_S1;15;C;A;Begging;B_consp;458277;458427;150;102
N1_PA_2022;18/11/2022;Nido1_axy35_pichonA_18112022_S1;15;C;A;Begging;B_pause;458428;458789;361;103
N1_PA_2022;18/11/2022;Nido1_axy35_pichonA_18112022_S1;15;C;A;Begging;B_consp;458790;458977;187;104
N1_PA_2022;18/11/2022;Nido1_axy35_pichonA_18112022_S1;15;C;A;Begging;B_pause;458978;459198;220;105
N1_PA_2022;18/11/2022;Nido1_axy35_pichonA_18112022_S1;15;C;A;Begging;B_consp;459199;459702;503;106
N1_PA_2022;18/11/2022;Nido1_axy35_pichonA_18112022_S1;15;C;A;Begging;B_pause;459703;459882;179;107
N1_PA_2022;18/11/2022;Nido1_axy35_pichonA_18112022_S1;15;C;A;Begging;B_consp;459883;460146;263;108
N1_PA_2022;18/11/2022;Nido1_axy35_pichonA_18112022_S1;15;C;A;Active_Others;A_downward;460147;461112;965;109
N1_PA_2022;18/11/2022;Nido1_axy35_pichonA_18112022_S1;15;C;A;Begging;B_consp;461113;461533;420;110
N1_PA_2022;18/11/2022;Nido1_axy35_pichonA_18112022_S1;15;C;A;Active_Others;A_downward;461534;461704;170;111
N1_PA_2022;18/11/2022;Nido1_axy35_pichonA_18112022_S1;15;C;A;Begging;B_consp;461705;462446;741;112
N1_PA_2022;18/11/2022;Nido1_axy35_pichonA_18112022_S1;15;C;A;Begging;B_pause;462447;462680;233;113
N1_PA_2022;18/11/2022;Nido1_axy35_pichonA_18112022_S1;15;C;A;Begging;B_consp;462681;463504;823;114
N1_PA_2022;18/11/2022;Nido1_axy35_pichonA_18112022_S1;15;C;A;Begging;B_pause;463505;463923;418;115
N1_PA_2022;18/11/2022;Nido1_axy35_pichonA_18112022_S1;15;C;A;Begging;B_consp;463924;464017;93;116
N1_PA_2022;18/11/2022;Nido1_axy35_pichonA_18112022_S1;15;C;A;Begging;B_pause;464018;464235;217;117
N1_PA_2022;18/11/2022;Nido1_axy35_pichonA_18112022_S1;15;C;A;Begging;B_consp;464236;464749;513;118
N1_PA_2022;18/11/2022;Nido1_axy35_pichonA_18112022_S1;15;C;A;Active_Others;A_downward;464750;464986;236;119
N1_PA_2022;18/11/2022;Nido1_axy35_pichonA_18112022_S1;15;C;A;Active_Others;A_shaking;464987;465014;27;120
N1_PA_2022;18/11/2022;Nido1_axy35_pichonA_18112022_S1;15;C;A;Active_Others;A_downward;465015;465291;276;121
N1_PA_2022;18/11/2022;Nido1_axy35_pichonA_18112022_S1;15;C;A;Begging;B_consp;465292;465408;116;122
N1_PA_2022;18/11/2022;Nido1_axy35_pichonA_18112022_S1;15;C;A;Active_Others;A_downward;465409;466528;1119;123
N1_PA_2022;18/11/2022;Nido1_axy35_pichonA_18112022_S1;15;C;A;Begging;B_consp;466529;466631;102;124
N1_PA_2022;18/11/2022;Nido1_axy35_pichonA_18112022_S1;15;C;A;Active_Others;A_downward;466632;466932;300;125
N1_PA_2022;18/11/2022;Nido1_axy35_pichonA_18112022_S1;15;C;A;Begging;B_consp;466933;467097;164;126
N1_PA_2022;18/11/2022;Nido1_axy35_pichonA_18112022_S1;15;C;A;Begging;B_pause;467098;467234;136;127
N1_PA_2022;18/11/2022;Nido1_axy35_pichonA_18112022_S1;15;C;A;Begging;B_consp;467235;467539;304;128
N1_PA_2022;18/11/2022;Nido1_axy35_pichonA_18112022_S1;15;C;A;Active_Others;A_downward;467540;468111;571;129
N1_PA_2022;18/11/2022;Nido1_axy35_pichonA_18112022_S1;15;C;A;Active_Others;A_upward;468112;468622;510;130
N1_PA_2022;18/11/2022;Nido1_axy35_pichonA_18112022_S1;15;C;A;Active_Others;A_downward;468623;469350;727;131
N1_PA_2022;18/11/2022;Nido1_axy35_pichonA_18112022_S1;15;C;A;Active_Others;A_upward;469351;469431;80;132
N1_PA_2022;18/11/2022;Nido1_axy35_pichonA_18112022_S1;15;C;A;Active_Others;A_downward;469432;469610;178;133
N1_PA_2022;18/11/2022;Nido1_axy35_pichonA_18112022_S1;15;C;A;Begging;B_consp;469611;470126;515;134
N1_PA_2022;18/11/2022;Nido1_axy35_pichonA_18112022_S1;15;C;A;Begging;B_pause;470127;470263;136;135
N1_PA_2022;18/11/2022;Nido1_axy35_pichonA_18112022_S1;15;C;A;Begging;B_consp;470264;470389;125;136
N1_PA_2022;18/11/2022;Nido1_axy35_pichonA_18112022_S1;15;C;A;Begging;B_pause;470390;470490;100;137
N1_PA_2022;18/11/2022;Nido1_axy35_pichonA_18112022_S1;15;C;A;Begging;B_consp;470491;471009;518;138
N1_PA_2022;18/11/2022;Nido1_axy35_pichonA_18112022_S1;15;C;A;Begging;B_pause;471010;471339;329;139
N1_PA_2022;18/11/2022;Nido1_axy35_pichonA_18112022_S1;15;C;A;Begging;B_consp;471340;471413;73;140
N1_PA_2022;18/11/2022;Nido1_axy35_pichonA_18112022_S1;15;C;A;Begging;B_pause;471414;471484;70;141
N1_PA_2022;18/11/2022;Nido1_axy35_pichonA_18112022_S1;15;C;A;Begging;B_consp;471485;471535;50;142
N1_PA_2022;18/11/2022;Nido1_axy35_pichonA_18112022_S1;15;C;A;Begging;B_pause;471536;471639;103;143
N1_PA_2022;18/11/2022;Nido1_axy35_pichonA_18112022_S1;15;C;A;Begging;B_consp;471640;471830;190;144
N1_PA_2022;18/11/2022;Nido1_axy35_pichonA_18112022_S1;15;C;A;Begging;B_pause;471831;471994;163;145
N1_PA_2022;18/11/2022;Nido1_axy35_pichonA_18112022_S1;15;C;A;Begging;B_consp;471995;472350;355;146
N1_PA_2022;18/11/2022;Nido1_axy35_pichonA_18112022_S1;15;C;A;Begging;B_pause;472351;472801;450;147
N1_PA_2022;18/11/2022;Nido1_axy35_pichonA_18112022_S1;15;C;A;Begging;B_consp;472802;472996;194;148
N1_PA_2022;18/11/2022;Nido1_axy35_pichonA_18112022_S1;15;C;A;Begging;B_pause;472997;473643;646;149
N1_PA_2022;18/11/2022;Nido1_axy35_pichonA_18112022_S1;15;C;A;Begging;B_consp;473644;473996;352;150
N1_PA_2022;18/11/2022;Nido1_axy35_pichonA_18112022_S1;15;C;A;Begging;B_pause;473997;474078;81;151
N1_PA_2022;18/11/2022;Nido1_axy35_pichonA_18112022_S1;15;C;A;Begging;B_consp;474079;474448;369;152
N1_PA_2022;18/11/2022;Nido1_axy35_pichonA_18112022_S1;15;C;A;Begging;B_pause;474449;474979;530;153
N1_PA_2022;18/11/2022;Nido1_axy35_pichonA_18112022_S1;15;C;A;Begging;B_consp;474980;475397;417;154
N1_PA_2022;18/11/2022;Nido1_axy35_pichonA_18112022_S1;15;C;A;Begging;B_pause;475398;475526;128;155
N1_PA_2022;18/11/2022;Nido1_axy35_pichonA_18112022_S1;15;C;A;Begging;B_consp;475527;476209;682;156
N1_PA_2022;18/11/2022;Nido1_axy35_pichonA_18112022_S1;15;C;A;Begging;B_pause;476210;476307;97;157
N1_PA_2022;18/11/2022;Nido1_axy35_pichonA_18112022_S1;15;C;A;Begging;B_consp;476308;476955;647;158
N1_PA_2022;18/11/2022;Nido1_axy35_pichonA_18112022_S1;15;C;A;Begging;B_pause;476956;477132;176;159
N1_PA_2022;18/11/2022;Nido1_axy35_pichonA_18112022_S1;15;C;A;Begging;B_consp;477133;478048;915;160
N1_PA_2022;18/11/2022;Nido1_axy35_pichonA_18112022_S1;15;C;A;Begging;B_pause;478049;478100;51;161
N1_PA_2022;18/11/2022;Nido1_axy35_pichonA_18112022_S1;15;C;A;Begging;B_consp;478101;478706;605;162
N1_PA_2022;18/11/2022;Nido1_axy35_pichonA_18112022_S1;15;C;A;Begging;B_pause;478707;478921;214;163
N1_PA_2022;18/11/2022;Nido1_axy35_pichonA_18112022_S1;15;C;A;Begging;B_consp;478922;479532;610;164
N1_PA_2022;18/11/2022;Nido1_axy35_pichonA_18112022_S1;15;C;A;Begging;B_pause;479533;479620;87;165
N1_PA_2022;18/11/2022;Nido1_axy35_pichonA_18112022_S1;15;C;A;Begging;B_consp;479621;479674;53;166
N1_PA_2022;18/11/2022;Nido1_axy35_pichonA_18112022_S1;15;C;A;Begging;B_pause;479675;479723;48;167
N1_PA_2022;18/11/2022;Nido1_axy35_pichonA_18112022_S1;15;C;A;Begging;B_consp;479724;480363;639;168
N1_PA_2022;18/11/2022;Nido1_axy35_pichonA_18112022_S1;15;C;A;Active_Others;A_upward;480364;480808;444;169
N1_PA_2022;18/11/2022;Nido1_axy35_pichonA_18112022_S1;15;C;A;Begging;B_consp;480809;481324;515;170
N1_PA_2022;18/11/2022;Nido1_axy35_pichonA_18112022_S1;15;C;A;Begging;B_pause;481325;481531;206;171
N1_PA_2022;18/11/2022;Nido1_axy35_pichonA_18112022_S1;15;C;A;Begging;B_consp;481532;481809;277;172
N1_PA_2022;18/11/2022;Nido1_axy35_pichonA_18112022_S1;15;C;A;Begging;B_pause;481810;481862;52;173
N1_PA_2022;18/11/2022;Nido1_axy35_pichonA_18112022_S1;15;C;A;Begging;B_consp;481863;482168;305;174
N1_PA_2022;18/11/2022;Nido1_axy35_pichonA_18112022_S1;15;C;A;Begging;B_pause;482169;482451;282;175
N1_PA_2022;18/11/2022;Nido1_axy35_pichonA_18112022_S1;15;C;A;Begging;B_consp;482452;482620;168;176
N1_PA_2022;18/11/2022;Nido1_axy35_pichonA_18112022_S1;15;C;A;Begging;B_pause;482621;482807;186;177
N1_PA_2022;18/11/2022;Nido1_axy35_pichonA_18112022_S1;15;C;A;Begging;B_consp;482808;482951;143;178
N1_PA_2022;18/11/2022;Nido1_axy35_pichonA_18112022_S1;15;C;A;Active_Others;A_downward;482952;483874;922;179
N1_PA_2022;18/11/2022;Nido1_axy35_pichonA_18112022_S1;15;C;A;Resting;R;483875;484166;291;180
N1_PA_2022;18/11/2022;Nido1_axy35_pichonA_18112022_S1;15;C;A;Active_Others;A_downward;484167;484403;236;181
N1_PA_2022;18/11/2022;Nido1_axy35_pichonA_18112022_S1;15;C;A;Resting;R;484404;484579;175;182
N1_PA_2022;18/11/2022;Nido1_axy35_pichonA_18112022_S1;15;C;A;Active_Others;A_downward;484580;484662;82;183
N1_PA_2022;18/11/2022;Nido1_axy35_pichonA_18112022_S1;15;C;A;Resting;R;484663;485745;1082;184
N1_PA_2022;18/11/2022;Nido1_axy35_pichonA_18112022_S1;15;C;A;Active_Others;A_downward;485746;487277;1531;185
N1_PA_2022;18/11/2022;Nido1_axy35_pichonA_18112022_S1;15;C;A;Begging;B_consp;487278;487521;243;186
N1_PA_2022;18/11/2022;Nido1_axy35_pichonA_18112022_S1;15;C;A;Begging;B_pause;487522;487665;143;187
N1_PA_2022;18/11/2022;Nido1_axy35_pichonA_18112022_S1;15;C;A;Begging;B_consp;487666;488336;670;188
N1_PA_2022;18/11/2022;Nido1_axy35_pichonA_18112022_S1;15;C;A;Begging;B_pause;488337;488449;112;189
N1_PA_2022;18/11/2022;Nido1_axy35_pichonA_18112022_S1;15;C;A;Begging;B_consp;488450;488513;63;190
N1_PA_2022;18/11/2022;Nido1_axy35_pichonA_18112022_S1;15;C;A;Begging;B_pause;488514;489061;547;191
N1_PA_2022;18/11/2022;Nido1_axy35_pichonA_18112022_S1;15;C;A;Begging;B_consp;489062;489158;96;192
N1_PA_2022;18/11/2022;Nido1_axy35_pichonA_18112022_S1;15;C;A;Begging;B_pause;489159;489733;574;193
N1_PA_2022;18/11/2022;Nido1_axy35_pichonA_18112022_S1;15;C;A;Begging;B_consp;489734;489833;99;194
N1_PA_2022;18/11/2022;Nido1_axy35_pichonA_18112022_S1;15;C;A;Begging;B_pause;489834;489960;126;195
N1_PA_2022;18/11/2022;Nido1_axy35_pichonA_18112022_S1;15;C;A;Begging;B_consp;489961;490011;50;196
N1_PA_2022;18/11/2022;Nido1_axy35_pichonA_18112022_S1;15;C;A;Begging;B_pause;490012;490190;178;197
N1_PA_2022;18/11/2022;Nido1_axy35_pichonA_18112022_S1;15;C;A;Active_Others;A_downward;490191;490863;672;198
N1_PA_2022;18/11/2022;Nido1_axy35_pichonA_18112022_S1;15;C;A;Begging;B_consp;490864;491184;320;199
N1_PA_2022;18/11/2022;Nido1_axy35_pichonA_18112022_S1;15;C;A;Begging;B_pause;491185;491235;50;200
N1_PA_2022;18/11/2022;Nido1_axy35_pichonA_18112022_S1;15;C;A;Begging;B_consp;491236;493409;2173;201
N1_PA_2022;18/11/2022;Nido1_axy35_pichonA_18112022_S1;15;C;A;Begging;B_pause;493410;493497;87;202
N1_PA_2022;18/11/2022;Nido1_axy35_pichonA_18112022_S1;15;C;A;Begging;B_consp;493498;494516;1018;203
N1_PA_2022;18/11/2022;Nido1_axy35_pichonA_18112022_S1;15;C;A;Begging;B_pause;494517;494620;103;204
N1_PA_2022;18/11/2022;Nido1_axy35_pichonA_18112022_S1;15;C;A;Begging;B_consp;494621;494790;169;205
N1_PA_2022;18/11/2022;Nido1_axy35_pichonA_18112022_S1;15;C;A;Eating;E_short;494791;494941;150;206
N1_PA_2022;18/11/2022;Nido1_axy35_pichonA_18112022_S1;15;C;A;Begging;B_consp;494942;496116;1174;207
N1_PA_2022;18/11/2022;Nido1_axy35_pichonA_18112022_S1;15;C;A;Begging;B_pause;496117;496432;315;208
N1_PA_2022;18/11/2022;Nido1_axy35_pichonA_18112022_S1;15;C;A;Begging;B_consp;496433;497309;876;209
N1_PA_2022;18/11/2022;Nido1_axy35_pichonA_18112022_S1;15;C;A;Active_Others;A_upward;497310;497437;127;210
N1_PA_2022;18/11/2022;Nido1_axy35_pichonA_18112022_S1;15;C;A;Active_Others;A_downward;497438;497482;44;211
N1_PA_2022;18/11/2022;Nido1_axy35_pichonA_18112022_S1;15;C;A;Begging;B_consp;497483;497929;446;212
N1_PA_2022;18/11/2022;Nido1_axy35_pichonA_18112022_S1;15;C;A;Active_Others;A_upward;497930;498238;308;213
N1_PA_2022;18/11/2022;Nido1_axy35_pichonA_18112022_S1;15;C;A;Begging;B_consp;498239;498532;293;214
N1_PA_2022;18/11/2022;Nido1_axy35_pichonA_18112022_S1;15;C;A;Begging;B_pause;498533;498655;122;215
N1_PA_2022;18/11/2022;Nido1_axy35_pichonA_18112022_S1;15;C;A;Begging;B_consp;498656;498772;116;216
N1_PA_2022;18/11/2022;Nido1_axy35_pichonA_18112022_S1;15;C;A;Active_Others;A_downward;498773;499054;281;217
N1_PA_2022;18/11/2022;Nido1_axy35_pichonA_18112022_S1;15;C;A;Active_Others;A_upward;499055;499187;132;218
N1_PA_2022;18/11/2022;Nido1_axy35_pichonA_18112022_S1;15;C;A;Begging;B_consp;499188;499264;76;219
N1_PA_2022;18/11/2022;Nido1_axy35_pichonA_18112022_S1;15;C;A;Active_Others;A_upward;499265;499598;333;220
N1_PA_2022;18/11/2022;Nido1_axy35_pichonA_18112022_S1;15;C;A;Begging;B_consp;499599;500021;422;221
N1_PA_2022;18/11/2022;Nido1_axy35_pichonA_18112022_S1;15;C;A;Begging;B_pause;500022;500197;175;222
N1_PA_2022;18/11/2022;Nido1_axy35_pichonA_18112022_S1;15;C;A;Begging;B_consp;500198;500250;52;223
N1_PA_2022;18/11/2022;Nido1_axy35_pichonA_18112022_S1;15;C;A;Begging;B_pause;500251;500420;169;224
N1_PA_2022;18/11/2022;Nido1_axy35_pichonA_18112022_S1;15;C;A;Begging;B_consp;500421;500503;82;225
N1_PA_2022;18/11/2022;Nido1_axy35_pichonA_18112022_S1;15;C;A;Begging;B_pause;500504;500619;115;226
N1_PA_2022;18/11/2022;Nido1_axy35_pichonA_18112022_S1;15;C;A;Begging;B_consp;500620;500808;188;227
N1_PA_2022;18/11/2022;Nido1_axy35_pichonA_18112022_S1;15;C;A;Begging;B_pause;500809;500996;187;228
N1_PA_2022;18/11/2022;Nido1_axy35_pichonA_18112022_S1;15;C;A;Begging;B_consp;500997;501292;295;229
N1_PA_2022;18/11/2022;Nido1_axy35_pichonA_18112022_S1;15;C;A;Active_Others;A_downward;501293;502123;830;230
N1_PA_2022;18/11/2022;Nido1_axy35_pichonA_18112022_S1;15;C;A;Active_Others;A_shaking;502124;502163;39;231
N1_PA_2022;18/11/2022;Nido1_axy35_pichonA_18112022_S1;15;C;A;Active_Others;A_downward;502164;502259;95;232
N1_PA_2022;18/11/2022;Nido1_axy35_pichonA_18112022_S1;15;C;A;Begging;B_consp;502260;502810;550;233
N1_PA_2022;18/11/2022;Nido1_axy35_pichonA_18112022_S1;15;C;A;Active_Others;A_downward;502811;503589;778;234
N1_PA_2022;18/11/2022;Nido1_axy35_pichonA_18112022_S1;15;C;A;Begging;B_consp;503590;505133;1543;235
N1_PA_2022;18/11/2022;Nido1_axy35_pichonA_18112022_S1;15;C;A;Begging;B_pause;505134;505279;145;236
N1_PA_2022;18/11/2022;Nido1_axy35_pichonA_18112022_S1;15;C;A;Begging;B_consp;505280;505377;97;237
N1_PA_2022;18/11/2022;Nido1_axy35_pichonA_18112022_S1;15;C;A;Begging;B_pause;505378;505528;150;238
N1_PA_2022;18/11/2022;Nido1_axy35_pichonA_18112022_S1;15;C;A;Begging;B_consp;505529;506819;1290;239
N1_PA_2022;18/11/2022;Nido1_axy35_pichonA_18112022_S1;15;C;A;Begging;B_pause;506820;506886;66;240
N1_PA_2022;18/11/2022;Nido1_axy35_pichonA_18112022_S1;15;C;A;Begging;B_consp;506887;507035;148;241
N1_PA_2022;18/11/2022;Nido1_axy35_pichonA_18112022_S1;15;C;A;Begging;B_pause;507036;507252;216;242
N1_PA_2022;18/11/2022;Nido1_axy35_pichonA_18112022_S1;15;C;A;Begging;B_consp;507253;507843;590;243
N1_PA_2022;18/11/2022;Nido1_axy35_pichonA_18112022_S1;15;C;A;Begging;B_pause;507844;508171;327;244
N1_PA_2022;18/11/2022;Nido1_axy35_pichonA_18112022_S1;15;C;A;Begging;B_consp;508172;508569;397;245
N1_PA_2022;18/11/2022;Nido1_axy35_pichonA_18112022_S1;15;C;A;Begging;B_pause;508570;508973;403;246
N1_PA_2022;18/11/2022;Nido1_axy35_pichonA_18112022_S1;15;C;A;Begging;B_consp;508974;509101;127;247
N1_PA_2022;18/11/2022;Nido1_axy35_pichonA_18112022_S1;15;C;A;Begging;B_pause;509102;509476;374;248
N1_PA_2022;18/11/2022;Nido1_axy35_pichonA_18112022_S1;15;C;A;Begging;B_consp;509477;509872;395;249
N1_PA_2022;18/11/2022;Nido1_axy35_pichonA_18112022_S1;15;C;A;Resting;R;509873;510241;368;250
N1_PA_2022;18/11/2022;Nido1_axy35_pichonA_18112022_S1;15;C;A;Active_Others;A_downward;510242;510396;154;251
N1_PA_2022;18/11/2022;Nido1_axy35_pichonA_18112022_S1;15;C;A;Resting;R;510397;510507;110;252
N1_PA_2022;18/11/2022;Nido1_axy35_pichonA_18112022_S1;15;C;A;Active_Others;A_downward;510508;510662;154;253
N1_PA_2022;18/11/2022;Nido1_axy35_pichonA_18112022_S1;15;C;A;Resting;R;510663;512413;1750;254
N1_PA_2022;18/11/2022;Nido1_axy35_pichonA_18112022_S1;15;C;A;Active_Others;A_downward;512414;512523;109;255
N1_PA_2022;18/11/2022;Nido1_axy35_pichonA_18112022_S1;15;C;A;Resting;R;512524;512800;276;256
N1_PA_2022;18/11/2022;Nido1_axy35_pichonA_18112022_S1;15;C;A;Active_Others;A_shaking;512801;512840;39;257
N1_PA_2022;18/11/2022;Nido1_axy35_pichonA_18112022_S1;15;C;A;Active_Others;A_downward;512841;512926;85;258
N1_PA_2022;18/11/2022;Nido1_axy35_pichonA_18112022_S1;15;C;A;Resting;R;512927;513042;115;259
N1_PA_2022;18/11/2022;Nido1_axy35_pichonA_18112022_S1;15;C;A;Active_Others;A_downward;513043;513191;148;260
N1_PA_2022;18/11/2022;Nido1_axy35_pichonA_18112022_S1;15;C;A;Active_Others;A_upward;513192;515227;2035;261
N1_PA_2022;18/11/2022;Nido1_axy35_pichonA_18112022_S1;15;C;A;Begging;B_consp;515228;516430;1202;262
N1_PA_2022;18/11/2022;Nido1_axy35_pichonA_18112022_S1;15;C;A;Eating;E_short;516431;516521;90;263
N1_PA_2022;18/11/2022;Nido1_axy35_pichonA_18112022_S1;15;C;A;Begging;B_consp;516522;519855;3333;264
N1_PA_2022;18/11/2022;Nido1_axy35_pichonA_18112022_S1;15;C;A;Eating;E_long;519856;520260;404;265
N1_PA_2022;18/11/2022;Nido1_axy35_pichonA_18112022_S1;15;C;A;Begging;B_consp;520261;522040;1779;266
N1_PA_2022;18/11/2022;Nido1_axy35_pichonA_18112022_S1;15;C;A;Eating;E_short;522041;522155;114;267
N1_PA_2022;18/11/2022;Nido1_axy35_pichonA_18112022_S1;15;C;A;Begging;B_consp;522156;522574;418;268
N1_PA_2022;18/11/2022;Nido1_axy35_pichonA_18112022_S1;15;C;A;Eating;E_long;522575;523816;1241;269
N1_PA_2022;18/11/2022;Nido1_axy35_pichonA_18112022_S1;15;C;A;Begging;B_consp;523817;524752;935;270
N1_PA_2022;18/11/2022;Nido1_axy35_pichonA_18112022_S1;15;C;A;Begging;B_pause;524753;524928;175;271
N1_PA_2022;18/11/2022;Nido1_axy35_pichonA_18112022_S1;15;C;A;Begging;B_consp;524929;525516;587;272
N1_PA_2022;18/11/2022;Nido1_axy35_pichonA_18112022_S1;15;C;A;Begging;B_pause;525517;525570;53;273
N1_PA_2022;18/11/2022;Nido1_axy35_pichonA_18112022_S1;15;C;A;Begging;B_consp;525571;525730;159;274
N1_PA_2022;18/11/2022;Nido1_axy35_pichonA_18112022_S1;15;C;A;Begging;B_pause;525731;525836;105;275
N1_PA_2022;18/11/2022;Nido1_axy35_pichonA_18112022_S1;15;C;A;Begging;B_consp;525837;527249;1412;276
N1_PA_2022;18/11/2022;Nido1_axy35_pichonA_18112022_S1;15;C;A;Eating;E_long;527250;527662;412;277
N1_PA_2022;18/11/2022;Nido1_axy35_pichonA_18112022_S1;15;C;A;Begging;B_consp;527663;527888;225;278
N1_PA_2022;18/11/2022;Nido1_axy35_pichonA_18112022_S1;15;C;A;Begging;B_pause;527889;527942;53;279
N1_PA_2022;18/11/2022;Nido1_axy35_pichonA_18112022_S1;15;C;A;Begging;B_consp;527943;529257;1314;280
N1_PA_2022;18/11/2022;Nido1_axy35_pichonA_18112022_S1;15;C;A;Begging;B_pause;529258;529326;68;281
N1_PA_2022;18/11/2022;Nido1_axy35_pichonA_18112022_S1;15;C;A;Begging;B_consp;529327;529411;84;282
N1_PA_2022;18/11/2022;Nido1_axy35_pichonA_18112022_S1;15;C;A;Begging;B_pause;529412;529476;64;283
N1_PA_2022;18/11/2022;Nido1_axy35_pichonA_18112022_S1;15;C;A;Begging;B_consp;529477;529630;153;284
N1_PA_2022;18/11/2022;Nido1_axy35_pichonA_18112022_S1;15;C;A;Eating;E_long;529631;530565;934;285
N1_PA_2022;18/11/2022;Nido1_axy35_pichonA_18112022_S1;15;C;A;Begging;B_consp;530566;530926;360;286
N1_PA_2022;18/11/2022;Nido1_axy35_pichonA_18112022_S1;15;C;A;Begging;B_pause;530927;531030;103;287
N1_PA_2022;18/11/2022;Nido1_axy35_pichonA_18112022_S1;15;C;A;Begging;B_consp;531031;531710;679;288
N1_PA_2022;18/11/2022;Nido1_axy35_pichonA_18112022_S1;15;C;A;Eating;E_long;531711;531965;254;289
N1_PA_2022;18/11/2022;Nido1_axy35_pichonA_18112022_S1;15;C;A;Begging;B_consp;531966;532105;139;290
N1_PA_2022;18/11/2022;Nido1_axy35_pichonA_18112022_S1;15;C;A;Begging;B_pause;532106;532316;210;291
N1_PA_2022;18/11/2022;Nido1_axy35_pichonA_18112022_S1;15;C;A;Begging;B_consp;532317;532771;454;292
N1_PA_2022;18/11/2022;Nido1_axy35_pichonA_18112022_S1;15;C;A;Eating;E_short;532772;532871;99;293
N1_PA_2022;18/11/2022;Nido1_axy35_pichonA_18112022_S1;15;C;A;Begging;B_consp;532872;535193;2321;294
N1_PA_2022;18/11/2022;Nido1_axy35_pichonA_18112022_S1;15;C;A;Begging;B_pause;535194;535338;144;295
N1_PA_2022;18/11/2022;Nido1_axy35_pichonA_18112022_S1;15;C;A;Begging;B_consp;535339;536001;662;296
N1_PA_2022;18/11/2022;Nido1_axy35_pichonA_18112022_S1;15;C;A;Begging;B_pause;536002;536134;132;297
N1_PA_2022;18/11/2022;Nido1_axy35_pichonA_18112022_S1;15;C;A;Begging;B_consp;536135;536335;200;298
N1_PA_2022;18/11/2022;Nido1_axy35_pichonA_18112022_S1;15;C;A;Begging;B_pause;536336;536387;51;299
N1_PA_2022;18/11/2022;Nido1_axy35_pichonA_18112022_S1;15;C;A;Begging;B_consp;536388;536460;72;300
N1_PA_2022;18/11/2022;Nido1_axy35_pichonA_18112022_S1;15;C;A;Eating;E_long;536461;536966;505;301
N1_PA_2022;18/11/2022;Nido1_axy35_pichonA_18112022_S1;15;C;A;Begging;B_consp;536967;537417;450;302
N1_PA_2022;18/11/2022;Nido1_axy35_pichonA_18112022_S1;15;C;A;Begging;B_pause;537418;537501;83;303
N1_PA_2022;18/11/2022;Nido1_axy35_pichonA_18112022_S1;15;C;A;Begging;B_consp;537502;537695;193;304
N1_PA_2022;18/11/2022;Nido1_axy35_pichonA_18112022_S1;15;C;A;Begging;B_pause;537696;537839;143;305
N1_PA_2022;18/11/2022;Nido1_axy35_pichonA_18112022_S1;15;C;A;Begging;B_consp;537840;538100;260;306
N1_PA_2022;18/11/2022;Nido1_axy35_pichonA_18112022_S1;15;C;A;Begging;B_pause;538101;538222;121;307
N1_PA_2022;18/11/2022;Nido1_axy35_pichonA_18112022_S1;15;C;A;Begging;B_consp;538223;538583;360;308
N1_PA_2022;18/11/2022;Nido1_axy35_pichonA_18112022_S1;15;C;A;Begging;B_pause;538584;538688;104;309
N1_PA_2022;18/11/2022;Nido1_axy35_pichonA_18112022_S1;15;C;A;Begging;B_consp;538689;539438;749;310
N1_PA_2022;18/11/2022;Nido1_axy35_pichonA_18112022_S1;15;C;A;Begging;B_pause;539439;539557;118;311
N1_PA_2022;18/11/2022;Nido1_axy35_pichonA_18112022_S1;15;C;A;Begging;B_consp;539558;539769;211;312
N1_PA_2022;18/11/2022;Nido1_axy35_pichonA_18112022_S1;15;C;A;Begging;B_pause;539770;539932;162;313
N1_PA_2022;18/11/2022;Nido1_axy35_pichonA_18112022_S1;15;C;A;Begging;B_consp;539933;540264;331;314
N1_PA_2022;18/11/2022;Nido1_axy35_pichonA_18112022_S1;15;C;A;Active_Others;A_downward;540265;540423;158;315
N1_PA_2022;18/11/2022;Nido1_axy35_pichonA_18112022_S1;15;C;A;Active_Others;A_shaking;540424;540452;28;316
N1_PA_2022;18/11/2022;Nido1_axy35_pichonA_18112022_S1;15;C;A;Active_Others;A_upward;540453;541332;879;317
N1_PA_2022;18/11/2022;Nido1_axy35_pichonA_18112022_S1;15;C;A;Active_Others;A_downward;541333;541802;469;318
N1_PA_2022;18/11/2022;Nido1_axy35_pichonA_18112022_S1;15;C;A;Active_Others;A_shaking;541803;541830;27;319
N1_PA_2022;18/11/2022;Nido1_axy35_pichonA_18112022_S1;15;C;A;Active_Others;A_downward;541831;542538;707;320
N1_PA_2022;18/11/2022;Nido1_axy35_pichonA_18112022_S1;15;C;A;Active_Others;A_shaking;542539;542569;30;321
N1_PA_2022;18/11/2022;Nido1_axy35_pichonA_18112022_S1;15;C;A;Active_Others;A_downward;542570;543300;730;322
N1_PA_2022;18/11/2022;Nido1_axy35_pichonA_18112022_S1;15;C;A;Active_Others;A_shaking;543301;543332;31;323
N1_PA_2022;18/11/2022;Nido1_axy35_pichonA_18112022_S1;15;C;A;Active_Others;A_downward;543333;543463;130;324
N1_PA_2022;18/11/2022;Nido1_axy35_pichonA_18112022_S1;15;C;A;Begging;B_consp;543464;543614;150;325
N1_PA_2022;18/11/2022;Nido1_axy35_pichonA_18112022_S1;15;C;A;Active_Others;A_upward;543615;543861;246;326
N1_PA_2022;18/11/2022;Nido1_axy35_pichonA_18112022_S1;15;C;A;Active_Others;A_downward;543862;543971;109;327
N1_PA_2022;18/11/2022;Nido1_axy35_pichonA_18112022_S1;15;C;A;Active_Others;A_shaking;543972;543992;20;328
N1_PA_2022;18/11/2022;Nido1_axy35_pichonA_18112022_S1;15;C;A;Active_Others;A_downward;543993;544639;646;329
N1_PA_2022;18/11/2022;Nido1_axy35_pichonA_18112022_S1;15;C;A;Active_Others;A_upward;544640;544883;243;330
N1_PA_2022;18/11/2022;Nido1_axy35_pichonA_18112022_S1;15;C;A;Begging;B_consp;544884;545058;174;331
N1_PA_2022;18/11/2022;Nido1_axy35_pichonA_18112022_S1;15;C;A;Active_Others;A_upward;545059;545232;173;332
N1_PA_2022;18/11/2022;Nido1_axy35_pichonA_18112022_S1;15;C;A;Active_Others;A_downward;545233;545518;285;333
N1_PA_2022;18/11/2022;Nido1_axy35_pichonA_18112022_S1;15;C;A;Active_Others;A_shaking;545519;545550;31;334
N1_PA_2022;18/11/2022;Nido1_axy35_pichonA_18112022_S1;15;C;A;Active_Others;A_downward;545551;545704;153;335
N1_PA_2022;18/11/2022;Nido1_axy35_pichonA_18112022_S1;15;C;A;Active_Others;A_upward;545705;545847;142;336
N1_PA_2022;18/11/2022;Nido1_axy35_pichonA_18112022_S1;15;C;A;Active_Others;A_downward;545848;546480;632;337
N1_PA_2022;18/11/2022;Nido1_axy35_pichonA_18112022_S1;15;C;A;Active_Others;A_shaking;546481;546507;26;338
N1_PA_2022;18/11/2022;Nido1_axy35_pichonA_18112022_S1;15;C;A;Active_Others;A_downward;546508;547206;698;339
N1_PA_2022;18/11/2022;Nido1_axy35_pichonA_18112022_S1;15;C;A;Active_Others;A_shaking;547207;547236;29;340
N1_PA_2022;18/11/2022;Nido1_axy35_pichonA_18112022_S1;15;C;A;Active_Others;A_downward;547237;547781;544;341
N1_PA_2022;18/11/2022;Nido1_axy35_pichonA_18112022_S1;15;C;A;Active_Others;A_shaking;547782;547808;26;342
N1_PA_2022;18/11/2022;Nido1_axy35_pichonA_18112022_S1;15;C;A;Active_Others;A_downward;547809;548187;378;343
N1_PA_2022;18/11/2022;Nido1_axy35_pichonA_18112022_S1;15;C;A;Active_Others;A_downward;548188;548208;20;344
N1_PA_2022;18/11/2022;Nido1_axy35_pichonA_18112022_S1;15;C;A;Active_Others;A_downward;548209;548756;547;345
N1_PA_2022;18/11/2022;Nido1_axy35_pichonA_18112022_S1;15;C;A;Active_Others;A_shaking;548757;548785;28;346
N1_PA_2022;18/11/2022;Nido1_axy35_pichonA_18112022_S1;15;C;A;Active_Others;A_downward;548786;549658;872;347
N1_PA_2022;18/11/2022;Nido1_axy35_pichonA_18112022_S1;15;C;A;Active_Others;A_shaking;549659;549680;21;348
N1_PA_2022;18/11/2022;Nido1_axy35_pichonA_18112022_S1;15;C;A;Active_Others;A_downward;549681;549854;173;349
N1_PA_2022;18/11/2022;Nido1_axy35_pichonA_18112022_S1;15;C;A;Active_Others;A_shaking;549855;549871;16;350
N1_PA_2022;18/11/2022;Nido1_axy35_pichonA_18112022_S1;15;C;A;Active_Others;A_downward;549872;550737;865;351
N1_PA_2022;18/11/2022;Nido1_axy35_pichonA_18112022_S1;15;C;A;Active_Others;A_shaking;550738;550764;26;352
N1_PA_2022;18/11/2022;Nido1_axy35_pichonA_18112022_S1;15;C;A;Active_Others;A_downward;550765;551411;646;353
N1_PA_2022;18/11/2022;Nido1_axy35_pichonA_18112022_S1;15;C;A;Active_Others;A_shaking;551412;551433;21;354
N1_PA_2022;18/11/2022;Nido1_axy35_pichonA_18112022_S1;15;C;A;Active_Others;A_downward;551434;552498;1064;355
N1_PA_2022;18/11/2022;Nido1_axy35_pichonA_18112022_S1;15;C;A;Active_Others;A_shaking;552499;552520;21;356
N1_PA_2022;18/11/2022;Nido1_axy35_pichonA_18112022_S1;15;C;A;Active_Others;A_downward;552521;553072;551;357
N1_PA_2022;18/11/2022;Nido1_axy35_pichonA_18112022_S1;15;C;A;Active_Others;A_shaking;553073;553093;20;358
N1_PA_2022;18/11/2022;Nido1_axy35_pichonA_18112022_S1;15;C;A;Active_Others;A_downward;553094;553829;735;359
N1_PA_2022;18/11/2022;Nido1_axy35_pichonA_18112022_S1;15;C;A;Active_Others;A_shaking;553830;553859;29;360
N1_PA_2022;18/11/2022;Nido1_axy35_pichonA_18112022_S1;15;C;A;Active_Others;A_downward;553860;555237;1377;361
N1_PA_2022;18/11/2022;Nido1_axy35_pichonA_18112022_S1;15;C;A;Begging;B_consp;555238;555649;411;362
N1_PA_2022;18/11/2022;Nido1_axy35_pichonA_18112022_S1;15;C;A;Active_Others;A_downward;555650;555861;211;363
N1_PA_2022;18/11/2022;Nido1_axy35_pichonA_18112022_S1;15;C;A;Active_Others;A_shaking;555862;555893;31;364
N1_PA_2022;18/11/2022;Nido1_axy35_pichonA_18112022_S1;15;C;A;Active_Others;A_downward;555894;557265;1371;365
N1_PA_2022;18/11/2022;Nido1_axy35_pichonA_18112022_S1;15;C;A;Begging;B_consp;557266;557386;120;366
N1_PA_2022;18/11/2022;Nido1_axy35_pichonA_18112022_S1;15;C;A;Begging;B_pause;557387;557558;171;367
N1_PA_2022;18/11/2022;Nido1_axy35_pichonA_18112022_S1;15;C;A;Begging;B_consp;557559;557763;204;368
N1_PA_2022;18/11/2022;Nido1_axy35_pichonA_18112022_S1;15;C;A;Begging;B_pause;557764;557822;58;369
N1_PA_2022;18/11/2022;Nido1_axy35_pichonA_18112022_S1;15;C;A;Begging;B_consp;557823;558205;382;370
N1_PA_2022;18/11/2022;Nido1_axy35_pichonA_18112022_S1;15;C;A;Eating;E_short;558206;558381;175;371
N1_PA_2022;18/11/2022;Nido1_axy35_pichonA_18112022_S1;15;C;A;Begging;B_consp;558382;558491;109;372
N1_PA_2022;18/11/2022;Nido1_axy35_pichonA_18112022_S1;15;C;A;Begging;B_pause;558492;558567;75;373
N1_PA_2022;18/11/2022;Nido1_axy35_pichonA_18112022_S1;15;C;A;Begging;B_consp;558568;560337;1769;374
N1_PA_2022;18/11/2022;Nido1_axy35_pichonA_18112022_S1;15;C;A;Begging;B_pause;560338;560486;148;375
N1_PA_2022;18/11/2022;Nido1_axy35_pichonA_18112022_S1;15;C;A;Begging;B_consp;560487;560936;449;376
N1_PA_2022;18/11/2022;Nido1_axy35_pichonA_18112022_S1;15;C;A;Eating;E_short;560937;561064;127;377
N1_PA_2022;18/11/2022;Nido1_axy35_pichonA_18112022_S1;15;C;A;Begging;B_consp;561065;561141;76;378
N1_PA_2022;18/11/2022;Nido1_axy35_pichonA_18112022_S1;15;C;A;Eating;E_long;561142;561561;419;379
N1_PA_2022;18/11/2022;Nido1_axy35_pichonA_18112022_S1;15;C;A;Begging;B_consp;561562;564911;3349;380
N2_PA_2022;18/11/2022;Nido2_axy33_pichonA_18112022;18;C;A;Active_Others;A_upward;423948;424720;772;1
N2_PA_2022;18/11/2022;Nido2_axy33_pichonA_18112022;18;C;A;Begging;B_consp;424721;425533;812;2
N2_PA_2022;18/11/2022;Nido2_axy33_pichonA_18112022;18;C;A;Begging;B_pause;425534;425587;53;3
N2_PA_2022;18/11/2022;Nido2_axy33_pichonA_18112022;18;C;A;Begging;B_consp;425588;425814;226;4
N2_PA_2022;18/11/2022;Nido2_axy33_pichonA_18112022;18;C;A;Begging;B_pause;425815;425876;61;5
N2_PA_2022;18/11/2022;Nido2_axy33_pichonA_18112022;18;C;A;Begging;B_consp;425877;425977;100;6
N2_PA_2022;18/11/2022;Nido2_axy33_pichonA_18112022;18;C;A;Begging;B_pause;425978;426029;51;7
N2_PA_2022;18/11/2022;Nido2_axy33_pichonA_18112022;18;C;A;Begging;B_consp;426030;426147;117;8
N2_PA_2022;18/11/2022;Nido2_axy33_pichonA_18112022;18;C;A;Begging;B_pause;426148;426214;66;9
N2_PA_2022;18/11/2022;Nido2_axy33_pichonA_18112022;18;C;A;Begging;B_consp;426215;426298;83;10
N2_PA_2022;18/11/2022;Nido2_axy33_pichonA_18112022;18;C;A;Begging;B_pause;426299;426326;27;11
N2_PA_2022;18/11/2022;Nido2_axy33_pichonA_18112022;18;C;A;Begging;B_consp;426327;427203;876;12
N2_PA_2022;18/11/2022;Nido2_axy33_pichonA_18112022;18;C;A;Begging;B_pause;427204;427240;36;13
N2_PA_2022;18/11/2022;Nido2_axy33_pichonA_18112022;18;C;A;Begging;B_consp;427241;429286;2045;14
N2_PA_2022;18/11/2022;Nido2_axy33_pichonA_18112022;18;C;A;Begging;B_pause;429287;429327;40;15
N2_PA_2022;18/11/2022;Nido2_axy33_pichonA_18112022;18;C;A;Begging;B_consp;429328;429438;110;16
N2_PA_2022;18/11/2022;Nido2_axy33_pichonA_18112022;18;C;A;Begging;B_pause;429439;429483;44;17
N2_PA_2022;18/11/2022;Nido2_axy33_pichonA_18112022;18;C;A;Begging;B_consp;429484;429655;171;18
N2_PA_2022;18/11/2022;Nido2_axy33_pichonA_18112022;18;C;A;Eating;E_short;429656;429718;62;19
N2_PA_2022;18/11/2022;Nido2_axy33_pichonA_18112022;18;C;A;Begging;B_consp;429719;429994;275;20
N2_PA_2022;18/11/2022;Nido2_axy33_pichonA_18112022;18;C;A;Begging;B_pause;429995;430051;56;21
N2_PA_2022;18/11/2022;Nido2_axy33_pichonA_18112022;18;C;A;Begging;B_consp;430052;430326;274;22
N2_PA_2022;18/11/2022;Nido2_axy33_pichonA_18112022;18;C;A;Begging;B_pause;430327;430354;27;23
N2_PA_2022;18/11/2022;Nido2_axy33_pichonA_18112022;18;C;A;Begging;B_consp;430355;430818;463;24
N2_PA_2022;18/11/2022;Nido2_axy33_pichonA_18112022;18;C;A;Eating;E_short;430819;430881;62;25
N2_PA_2022;18/11/2022;Nido2_axy33_pichonA_18112022;18;C;A;Begging;B_consp;430882;431363;481;26
N2_PA_2022;18/11/2022;Nido2_axy33_pichonA_18112022;18;C;A;Begging;B_pause;431364;431415;51;27
N2_PA_2022;18/11/2022;Nido2_axy33_pichonA_18112022;18;C;A;Begging;B_consp;431416;431547;131;28
N2_PA_2022;18/11/2022;Nido2_axy33_pichonA_18112022;18;C;A;Begging;B_pause;431548;431625;77;29
N2_PA_2022;18/11/2022;Nido2_axy33_pichonA_18112022;18;C;A;Begging;B_consp;431626;431727;101;30
N2_PA_2022;18/11/2022;Nido2_axy33_pichonA_18112022;18;C;A;Begging;B_pause;431728;431767;39;31
N2_PA_2022;18/11/2022;Nido2_axy33_pichonA_18112022;18;C;A;Begging;B_consp;431768;432058;290;32
N2_PA_2022;18/11/2022;Nido2_axy33_pichonA_18112022;18;C;A;Begging;B_pause;432059;432103;44;33
N2_PA_2022;18/11/2022;Nido2_axy33_pichonA_18112022;18;C;A;Begging;B_consp;432104;432482;378;34
N2_PA_2022;18/11/2022;Nido2_axy33_pichonA_18112022;18;C;A;Begging;B_pause;432483;432663;180;35
N2_PA_2022;18/11/2022;Nido2_axy33_pichonA_18112022;18;C;A;Begging;B_consp;432664;432877;213;36
N2_PA_2022;18/11/2022;Nido2_axy33_pichonA_18112022;18;C;A;Begging;B_pause;432878;432909;31;37
N2_PA_2022;18/11/2022;Nido2_axy33_pichonA_18112022;18;C;A;Begging;B_consp;432910;433000;90;38
N2_PA_2022;18/11/2022;Nido2_axy33_pichonA_18112022;18;C;A;Begging;B_pause;433001;433037;36;39
N2_PA_2022;18/11/2022;Nido2_axy33_pichonA_18112022;18;C;A;Begging;B_consp;433038;433252;214;40
N2_PA_2022;18/11/2022;Nido2_axy33_pichonA_18112022;18;C;A;Begging;B_pause;433253;433302;49;41
N2_PA_2022;18/11/2022;Nido2_axy33_pichonA_18112022;18;C;A;Begging;B_consp;433303;433486;183;42
N2_PA_2022;18/11/2022;Nido2_axy33_pichonA_18112022;18;C;A;Begging;B_pause;433487;433566;79;43
N2_PA_2022;18/11/2022;Nido2_axy33_pichonA_18112022;18;C;A;Begging;B_consp;433567;433603;36;44
N2_PA_2022;18/11/2022;Nido2_axy33_pichonA_18112022;18;C;A;Eating;E_short;433604;433791;187;45
N2_PA_2022;18/11/2022;Nido2_axy33_pichonA_18112022;18;C;A;Begging;B_consp;433792;434368;576;46
N2_PA_2022;18/11/2022;Nido2_axy33_pichonA_18112022;18;C;A;Begging;B_pause;434369;434414;45;47
N2_PA_2022;18/11/2022;Nido2_axy33_pichonA_18112022;18;C;A;Begging;B_consp;434415;435252;837;48
N2_PA_2022;18/11/2022;Nido2_axy33_pichonA_18112022;18;C;A;Begging;B_pause;435253;435276;23;49
N2_PA_2022;18/11/2022;Nido2_axy33_pichonA_18112022;18;C;A;Begging;B_consp;435277;435359;82;50
N2_PA_2022;18/11/2022;Nido2_axy33_pichonA_18112022;18;C;A;Begging;B_pause;435360;435384;24;51
N2_PA_2022;18/11/2022;Nido2_axy33_pichonA_18112022;18;C;A;Begging;B_consp;435385;435478;93;52
N2_PA_2022;18/11/2022;Nido2_axy33_pichonA_18112022;18;C;A;Eating;E_short;435479;435719;240;53
N2_PA_2022;18/11/2022;Nido2_axy33_pichonA_18112022;18;C;A;Begging;B_consp;435720;436150;430;54
N2_PA_2022;18/11/2022;Nido2_axy33_pichonA_18112022;18;C;A;Begging;B_pause;436151;436188;37;55
N2_PA_2022;18/11/2022;Nido2_axy33_pichonA_18112022;18;C;A;Begging;B_consp;436189;436310;121;56
N2_PA_2022;18/11/2022;Nido2_axy33_pichonA_18112022;18;C;A;Begging;B_pause;436311;436335;24;57
N2_PA_2022;18/11/2022;Nido2_axy33_pichonA_18112022;18;C;A;Begging;B_consp;436336;436577;241;58
N2_PA_2022;18/11/2022;Nido2_axy33_pichonA_18112022;18;C;A;Begging;B_pause;436578;436621;43;59
N2_PA_2022;18/11/2022;Nido2_axy33_pichonA_18112022;18;C;A;Begging;B_consp;436622;436770;148;60
N2_PA_2022;18/11/2022;Nido2_axy33_pichonA_18112022;18;C;A;Eating;E_short;436771;436886;115;61
N2_PA_2022;18/11/2022;Nido2_axy33_pichonA_18112022;18;C;A;Begging;B_pause;436887;436963;76;62
N2_PA_2022;18/11/2022;Nido2_axy33_pichonA_18112022;18;C;A;Begging;B_consp;436964;437369;405;63
N2_PA_2022;18/11/2022;Nido2_axy33_pichonA_18112022;18;C;A;Begging;B_pause;437370;437398;28;64
N2_PA_2022;18/11/2022;Nido2_axy33_pichonA_18112022;18;C;A;Begging;B_consp;437399;437660;261;65
N2_PA_2022;18/11/2022;Nido2_axy33_pichonA_18112022;18;C;A;Eating;E_long;437661;438325;664;66
N2_PA_2022;18/11/2022;Nido2_axy33_pichonA_18112022;18;C;A;Active_Others;Swallowing;438326;438436;110;67
N2_PA_2022;18/11/2022;Nido2_axy33_pichonA_18112022;18;C;A;Begging;B_consp;438437;439181;744;68
N2_PA_2022;18/11/2022;Nido2_axy33_pichonA_18112022;18;C;A;Begging;B_pause;439182;439217;35;69
N2_PA_2022;18/11/2022;Nido2_axy33_pichonA_18112022;18;C;A;Begging;B_consp;439218;439328;110;70
N2_PA_2022;18/11/2022;Nido2_axy33_pichonA_18112022;18;C;A;Begging;B_pause;439329;439533;204;71
N2_PA_2022;18/11/2022;Nido2_axy33_pichonA_18112022;18;C;A;Begging;B_consp;439534;440044;510;72
N2_PA_2022;18/11/2022;Nido2_axy33_pichonA_18112022;18;C;A;Eating;E_short;440045;440162;117;73
N2_PA_2022;18/11/2022;Nido2_axy33_pichonA_18112022;18;C;A;Begging;B_consp;440163;440355;192;74
N2_PA_2022;18/11/2022;Nido2_axy33_pichonA_18112022;18;C;A;Begging;B_pause;440356;440413;57;75
N2_PA_2022;18/11/2022;Nido2_axy33_pichonA_18112022;18;C;A;Begging;B_consp;440414;440668;254;76
N2_PA_2022;18/11/2022;Nido2_axy33_pichonA_18112022;18;C;A;Begging;B_pause;440669;440712;43;77
N2_PA_2022;18/11/2022;Nido2_axy33_pichonA_18112022;18;C;A;Begging;B_consp;440713;440985;272;78
N2_PA_2022;18/11/2022;Nido2_axy33_pichonA_18112022;18;C;A;Eating;E_long;440986;441438;452;79
N2_PA_2022;18/11/2022;Nido2_axy33_pichonA_18112022;18;C;A;Active_Others;A_upward;441439;441540;101;80
N2_PA_2022;18/11/2022;Nido2_axy33_pichonA_18112022;18;C;A;Begging;B_consp;441541;441600;59;81
N2_PA_2022;18/11/2022;Nido2_axy33_pichonA_18112022;18;C;A;Active_Others;A_upward;441601;441698;97;82
N2_PA_2022;18/11/2022;Nido2_axy33_pichonA_18112022;18;C;A;Begging;B_consp;441699;442687;988;83
N2_PA_2022;18/11/2022;Nido2_axy33_pichonA_18112022;18;C;A;Eating;E_long;442688;443068;380;84
N2_PA_2022;18/11/2022;Nido2_axy33_pichonA_18112022;18;C;A;Active_Others;A_upward;443069;443421;352;85
N2_PA_2022;18/11/2022;Nido2_axy33_pichonA_18112022;18;C;A;Begging;B_consp;443422;444285;863;86
N2_PA_2022;18/11/2022;Nido2_axy33_pichonA_18112022;18;C;A;Eating;E_long;444286;445092;806;87
N2_PA_2022;18/11/2022;Nido2_axy33_pichonA_18112022;18;C;A;Active_Others;Swallowing;445093;445193;100;88
N2_PA_2022;18/11/2022;Nido2_axy33_pichonA_18112022;18;C;A;Active_Others;A_shaking;445194;445210;16;89
N2_PA_2022;18/11/2022;Nido2_axy33_pichonA_18112022;18;C;A;Active_Others;A_upward;445211;445578;367;90
N2_PA_2022;18/11/2022;Nido2_axy33_pichonA_18112022;18;C;A;Begging;B_consp;445579;446193;614;91
N2_PA_2022;18/11/2022;Nido2_axy33_pichonA_18112022;18;C;A;Begging;B_pause;446194;446233;39;92
N2_PA_2022;18/11/2022;Nido2_axy33_pichonA_18112022;18;C;A;Begging;B_consp;446234;446864;630;93
N2_PA_2022;18/11/2022;Nido2_axy33_pichonA_18112022;18;C;A;Begging;B_pause;446865;446924;59;94
N2_PA_2022;18/11/2022;Nido2_axy33_pichonA_18112022;18;C;A;Begging;B_consp;446925;447676;751;95
N2_PA_2022;18/11/2022;Nido2_axy33_pichonA_18112022;18;C;A;Eating;E_short;447677;447826;149;96
N2_PA_2022;18/11/2022;Nido2_axy33_pichonA_18112022;18;C;A;Begging;B_consp;447827;448134;307;97
N2_PA_2022;18/11/2022;Nido2_axy33_pichonA_18112022;18;C;A;Begging;B_pause;448135;448284;149;98
N2_PA_2022;18/11/2022;Nido2_axy33_pichonA_18112022;18;C;A;Begging;B_consp;448285;448693;408;99
N2_PA_2022;18/11/2022;Nido2_axy33_pichonA_18112022;18;C;A;Begging;B_pause;448694;448784;90;100
N2_PA_2022;18/11/2022;Nido2_axy33_pichonA_18112022;18;C;A;Begging;B_consp;448785;449078;293;101
N2_PA_2022;18/11/2022;Nido2_axy33_pichonA_18112022;18;C;A;Eating;E_long;449079;449993;914;102
N2_PA_2022;18/11/2022;Nido2_axy33_pichonA_18112022;18;C;A;Active_Others;Swallowing;449994;450034;40;103
N2_PA_2022;18/11/2022;Nido2_axy33_pichonA_18112022;18;C;A;Begging;B_consp;450035;451195;1160;104
N2_PA_2022;18/11/2022;Nido2_axy33_pichonA_18112022;18;C;A;Begging;B_pause;451196;451339;143;105
N2_PA_2022;18/11/2022;Nido2_axy33_pichonA_18112022;18;C;A;Begging;B_consp;451340;451711;371;106
N2_PA_2022;18/11/2022;Nido2_axy33_pichonA_18112022;18;C;A;Eating;E_long;451712;452031;319;107
N2_PA_2022;18/11/2022;Nido2_axy33_pichonA_18112022;18;C;A;Active_Others;A_upward;452032;452182;150;108
N2_PA_2022;18/11/2022;Nido2_axy33_pichonA_18112022;18;C;A;Active_Others;A_shaking;452183;452225;42;109
N2_PA_2022;18/11/2022;Nido2_axy33_pichonA_18112022;18;C;A;Active_Others;A_upward;452226;452514;288;110
N2_PA_2022;18/11/2022;Nido2_axy33_pichonA_18112022;18;C;A;Begging;B_consp;452515;454364;1849;111
N2_PA_2022;18/11/2022;Nido2_axy33_pichonA_18112022;18;C;A;Eating;E_short;454365;454416;51;112
N2_PA_2022;18/11/2022;Nido2_axy33_pichonA_18112022;18;C;A;Begging;B_consp;454417;454855;438;113
N2_PA_2022;18/11/2022;Nido2_axy33_pichonA_18112022;18;C;A;Eating;E_short;454856;454882;26;114
N2_PA_2022;18/11/2022;Nido2_axy33_pichonA_18112022;18;C;A;Begging;B_consp;454883;455826;943;115
N2_PA_2022;18/11/2022;Nido2_axy33_pichonA_18112022;18;C;A;Eating;E_long;455827;456710;883;116
N2_PA_2022;18/11/2022;Nido2_axy33_pichonA_18112022;18;C;A;Active_Others;Swallowing;456711;456741;30;117
N2_PA_2022;18/11/2022;Nido2_axy33_pichonA_18112022;18;C;A;Active_Others;A_upward;456742;458160;1418;118
N2_PA_2022;18/11/2022;Nido2_axy33_pichonA_18112022;18;C;A;Active_Others;A_shaking;458161;458241;80;119
N2_PA_2022;18/11/2022;Nido2_axy33_pichonA_18112022;18;C;A;Active_Others;A_upward;458242;460039;1797;120
N2_PA_2022;18/11/2022;Nido2_axy33_pichonA_18112022;18;C;A;Active_Others;A_shaking;460040;460115;75;121
N2_PA_2022;18/11/2022;Nido2_axy33_pichonA_18112022;18;C;A;Active_Others;A_upward;460116;460198;82;122
N2_PA_2022;18/11/2022;Nido2_axy33_pichonA_18112022;18;C;A;Begging;B_consp;460199;460574;375;123
N2_PA_2022;18/11/2022;Nido2_axy33_pichonA_18112022;18;C;A;Active_Others;A_upward;460575;461434;859;124
N2_PA_2022;18/11/2022;Nido2_axy33_pichonA_18112022;18;C;A;Begging;B_consp;461435;461509;74;125
N2_PA_2022;18/11/2022;Nido2_axy33_pichonA_18112022;18;C;A;Active_Others;A_downward;461510;461750;240;126
N2_PA_2022;18/11/2022;Nido2_axy33_pichonA_18112022;18;C;A;Begging;B_consp;461751;461925;174;127
N2_PA_2022;18/11/2022;Nido2_axy33_pichonA_18112022;18;C;A;Begging;B_pause;461926;462066;140;128
N2_PA_2022;18/11/2022;Nido2_axy33_pichonA_18112022;18;C;A;Begging;B_consp;462067;464597;2530;129
N2_PA_2022;18/11/2022;Nido2_axy33_pichonA_18112022;18;C;A;Eating;E_short;464598;464646;48;130
N2_PA_2022;18/11/2022;Nido2_axy33_pichonA_18112022;18;C;A;Begging;B_pause;464647;464695;48;131
N2_PA_2022;18/11/2022;Nido2_axy33_pichonA_18112022;18;C;A;Begging;B_consp;464696;465657;961;132
N2_PA_2022;18/11/2022;Nido2_axy33_pichonA_18112022;18;C;A;Begging;B_pause;465658;465700;42;133
N2_PA_2022;18/11/2022;Nido2_axy33_pichonA_18112022;18;C;A;Begging;B_consp;465701;467040;1339;134
N2_PA_2022;18/11/2022;Nido2_axy33_pichonA_18112022;18;C;A;Begging;B_pause;467041;467078;37;135
N2_PA_2022;18/11/2022;Nido2_axy33_pichonA_18112022;18;C;A;Begging;B_consp;467079;467168;89;136
N2_PA_2022;18/11/2022;Nido2_axy33_pichonA_18112022;18;C;A;Begging;B_pause;467169;467208;39;137
N2_PA_2022;18/11/2022;Nido2_axy33_pichonA_18112022;18;C;A;Begging;B_consp;467209;468428;1219;138
N2_PA_2022;18/11/2022;Nido2_axy33_pichonA_18112022;18;C;A;Begging;B_pause;468429;468491;62;139
N2_PA_2022;18/11/2022;Nido2_axy33_pichonA_18112022;18;C;A;Begging;B_consp;468492;468531;39;140
N2_PA_2022;18/11/2022;Nido2_axy33_pichonA_18112022;18;C;A;Begging;B_pause;468532;468580;48;141
N2_PA_2022;18/11/2022;Nido2_axy33_pichonA_18112022;18;C;A;Begging;B_consp;468581;470635;2054;142
N2_PA_2022;18/11/2022;Nido2_axy33_pichonA_18112022;18;C;A;Begging;B_pause;470636;470674;38;143
N2_PA_2022;18/11/2022;Nido2_axy33_pichonA_18112022;18;C;A;Begging;B_consp;470675;471394;719;144
N2_PA_2022;18/11/2022;Nido2_axy33_pichonA_18112022;18;C;A;Begging;B_pause;471395;471417;22;145
N2_PA_2022;18/11/2022;Nido2_axy33_pichonA_18112022;18;C;A;Begging;B_consp;471418;472144;726;146
N2_PA_2022;18/11/2022;Nido2_axy33_pichonA_18112022;18;C;A;Begging;B_pause;472145;472185;40;147
N2_PA_2022;18/11/2022;Nido2_axy33_pichonA_18112022;18;C;A;Begging;B_consp;472186;473148;962;148
N2_PA_2022;18/11/2022;Nido2_axy33_pichonA_18112022;18;C;A;Begging;B_pause;473149;473236;87;149
N2_PA_2022;18/11/2022;Nido2_axy33_pichonA_18112022;18;C;A;Begging;B_consp;473237;473265;28;150
N2_PA_2022;18/11/2022;Nido2_axy33_pichonA_18112022;18;C;A;Begging;B_pause;473266;473358;92;151
N2_PA_2022;18/11/2022;Nido2_axy33_pichonA_18112022;18;C;A;Begging;B_consp;473359;473527;168;152
N2_PA_2022;18/11/2022;Nido2_axy33_pichonA_18112022;18;C;A;Begging;B_pause;473528;473560;32;153
N2_PA_2022;18/11/2022;Nido2_axy33_pichonA_18112022;18;C;A;Begging;B_consp;473561;473640;79;154
N2_PA_2022;18/11/2022;Nido2_axy33_pichonA_18112022;18;C;A;Begging;B_pause;473641;473743;102;155
N2_PA_2022;18/11/2022;Nido2_axy33_pichonA_18112022;18;C;A;Begging;B_consp;473744;473877;133;156
N2_PA_2022;18/11/2022;Nido2_axy33_pichonA_18112022;18;C;A;Begging;B_pause;473878;473917;39;157
N2_PA_2022;18/11/2022;Nido2_axy33_pichonA_18112022;18;C;A;Begging;B_consp;473918;474029;111;158
N2_PA_2022;18/11/2022;Nido2_axy33_pichonA_18112022;18;C;A;Begging;B_pause;474030;474074;44;159
N2_PA_2022;18/11/2022;Nido2_axy33_pichonA_18112022;18;C;A;Begging;B_consp;474075;474129;54;160
N2_PA_2022;18/11/2022;Nido2_axy33_pichonA_18112022;18;C;A;Begging;B_pause;474130;474192;62;161
N2_PA_2022;18/11/2022;Nido2_axy33_pichonA_18112022;18;C;A;Begging;B_consp;474193;474407;214;162
N2_PA_2022;18/11/2022;Nido2_axy33_pichonA_18112022;18;C;A;Begging;B_pause;474408;474523;115;163
N2_PA_2022;18/11/2022;Nido2_axy33_pichonA_18112022;18;C;A;Begging;B_consp;474524;474652;128;164
N2_PA_2022;18/11/2022;Nido2_axy33_pichonA_18112022;18;C;A;Begging;B_pause;474653;474673;20;165
N2_PA_2022;18/11/2022;Nido2_axy33_pichonA_18112022;18;C;A;Begging;B_consp;474674;474740;66;166
N2_PA_2022;18/11/2022;Nido2_axy33_pichonA_18112022;18;C;A;Begging;B_pause;474741;474818;77;167
N2_PA_2022;18/11/2022;Nido2_axy33_pichonA_18112022;18;C;A;Begging;B_consp;474819;475851;1032;168
N2_PA_2022;18/11/2022;Nido2_axy33_pichonA_18112022;18;C;A;Eating;E_short;475852;475909;57;169
N2_PA_2022;18/11/2022;Nido2_axy33_pichonA_18112022;18;C;A;Begging;B_consp;475910;476800;890;170
N2_PA_2022;18/11/2022;Nido2_axy33_pichonA_18112022;18;C;A;Begging;B_pause;476801;476870;69;171
N2_PA_2022;18/11/2022;Nido2_axy33_pichonA_18112022;18;C;A;Begging;B_consp;476871;477028;157;172
N2_PA_2022;18/11/2022;Nido2_axy33_pichonA_18112022;18;C;A;Begging;B_pause;477029;477129;100;173
N2_PA_2022;18/11/2022;Nido2_axy33_pichonA_18112022;18;C;A;Begging;B_consp;477130;477170;40;174
N2_PA_2022;18/11/2022;Nido2_axy33_pichonA_18112022;18;C;A;Begging;B_pause;477171;477224;53;175
N2_PA_2022;18/11/2022;Nido2_axy33_pichonA_18112022;18;C;A;Begging;B_consp;477225;478741;1516;176
N2_PA_2022;18/11/2022;Nido2_axy33_pichonA_18112022;18;C;A;Eating;E_short;478742;478804;62;177
N2_PA_2022;18/11/2022;Nido2_axy33_pichonA_18112022;18;C;A;Begging;B_consp;478805;479736;931;178
N2_PA_2022;18/11/2022;Nido2_axy33_pichonA_18112022;18;C;A;Eating;E_short;479737;479833;96;179
N2_PA_2022;18/11/2022;Nido2_axy33_pichonA_18112022;18;C;A;Begging;B_consp;479834;481319;1485;180
N2_PA_2022;18/11/2022;Nido2_axy33_pichonA_18112022;18;C;A;Eating;E_long;481320;481670;350;181
N2_PA_2022;18/11/2022;Nido2_axy33_pichonA_18112022;18;C;A;Active_Others;A_upward;481671;482394;723;182
N2_PA_2022;18/11/2022;Nido2_axy33_pichonA_18112022;18;C;A;Begging;B_consp;482395;482453;58;183
N2_PA_2022;18/11/2022;Nido2_axy33_pichonA_18112022;18;C;A;Begging;B_pause;482454;482540;86;184
N2_PA_2022;18/11/2022;Nido2_axy33_pichonA_18112022;18;C;A;Begging;B_consp;482541;482599;58;185
N2_PA_2022;18/11/2022;Nido2_axy33_pichonA_18112022;18;C;A;Active_Others;A_upward;482600;482918;318;186
N2_PA_2022;18/11/2022;Nido2_axy33_pichonA_18112022;18;C;A;Begging;B_consp;482919;483212;293;187
N2_PA_2022;18/11/2022;Nido2_axy33_pichonA_18112022;18;C;A;Begging;B_pause;483213;483251;38;188
N2_PA_2022;18/11/2022;Nido2_axy33_pichonA_18112022;18;C;A;Begging;B_consp;483252;484637;1385;189
N2_PA_2022;18/11/2022;Nido2_axy33_pichonA_18112022;18;C;A;Begging;B_pause;484638;484672;34;190
N2_PA_2022;18/11/2022;Nido2_axy33_pichonA_18112022;18;C;A;Begging;B_consp;484673;484892;219;191
N2_PA_2022;18/11/2022;Nido2_axy33_pichonA_18112022;18;C;A;Eating;E_short;484893;484927;34;192
N2_PA_2022;18/11/2022;Nido2_axy33_pichonA_18112022;18;C;A;Begging;B_consp;484928;485047;119;193
N2_PA_2022;18/11/2022;Nido2_axy33_pichonA_18112022;18;C;A;Eating;E_short;485048;485139;91;194
N2_PA_2022;18/11/2022;Nido2_axy33_pichonA_18112022;18;C;A;Begging;B_consp;485140;485428;288;195
N2_PA_2022;18/11/2022;Nido2_axy33_pichonA_18112022;18;C;A;Eating;E_long;485429;485788;359;196
N2_PA_2022;18/11/2022;Nido2_axy33_pichonA_18112022;18;C;A;Active_Others;Swallowing;485789;485863;74;197
N2_PA_2022;18/11/2022;Nido2_axy33_pichonA_18112022;18;C;A;Active_Others;A_upward;485864;486897;1033;198
N2_PA_2022;18/11/2022;Nido2_axy33_pichonA_18112022;18;C;A;Active_Others;A_shaking;486898;486978;80;199
N2_PA_2022;18/11/2022;Nido2_axy33_pichonA_18112022;18;C;A;Active_Others;A_upward;486979;487339;360;200
N2_PA_2022;18/11/2022;Nido2_axy33_pichonA_18112022;18;C;A;Active_Others;A_shaking;487340;487422;82;201
N2_PA_2022;18/11/2022;Nido2_axy33_pichonA_18112022;18;C;A;Active_Others;A_upward;487423;487760;337;202
N2_PA_2022;18/11/2022;Nido2_axy33_pichonA_18112022;18;C;A;Begging;B_consp;487761;488799;1038;203
N2_PA_2022;18/11/2022;Nido2_axy33_pichonA_18112022;18;C;A;Begging;B_pause;488800;488873;73;204
N2_PA_2022;18/11/2022;Nido2_axy33_pichonA_18112022;18;C;A;Begging;B_consp;488874;489103;229;205
N2_PA_2022;18/11/2022;Nido2_axy33_pichonA_18112022;18;C;A;Begging;B_pause;489104;489164;60;206
N2_PA_2022;18/11/2022;Nido2_axy33_pichonA_18112022;18;C;A;Begging;B_consp;489165;489851;686;207
N2_PA_2022;18/11/2022;Nido2_axy33_pichonA_18112022;18;C;A;Begging;B_pause;489852;490024;172;208
N2_PA_2022;18/11/2022;Nido2_axy33_pichonA_18112022;18;C;A;Begging;B_consp;490025;490086;61;209
N2_PA_2022;18/11/2022;Nido2_axy33_pichonA_18112022;18;C;A;Begging;B_pause;490087;490251;164;210
N2_PA_2022;18/11/2022;Nido2_axy33_pichonA_18112022;18;C;A;Begging;B_consp;490252;493009;2757;211
N2_PA_2022;18/11/2022;Nido2_axy33_pichonA_18112022;18;C;A;Begging;B_pause;493010;493138;128;212
N2_PA_2022;18/11/2022;Nido2_axy33_pichonA_18112022;18;C;A;Begging;B_consp;493139;494906;1767;213
N2_PA_2022;18/11/2022;Nido2_axy33_pichonA_18112022;18;C;A;Begging;B_pause;494907;495084;177;214
N2_PA_2022;18/11/2022;Nido2_axy33_pichonA_18112022;18;C;A;Begging;B_consp;495085;495212;127;215
N2_PA_2022;18/11/2022;Nido2_axy33_pichonA_18112022;18;C;A;Begging;B_pause;495213;495363;150;216
N2_PA_2022;18/11/2022;Nido2_axy33_pichonA_18112022;18;C;A;Begging;B_consp;495364;495529;165;217
N2_PA_2022;18/11/2022;Nido2_axy33_pichonA_18112022;18;C;A;Begging;B_pause;495530;495642;112;218
N2_PA_2022;18/11/2022;Nido2_axy33_pichonA_18112022;18;C;A;Active_Others;A_shaking;495643;495701;58;219
N2_PA_2022;18/11/2022;Nido2_axy33_pichonA_18112022;18;C;A;Begging;B_consp;495702;496174;472;220
N2_PA_2022;18/11/2022;Nido2_axy33_pichonA_18112022;18;C;A;Active_Others;A_upward;496175;496656;481;221
N2_PA_2022;18/11/2022;Nido2_axy33_pichonA_18112022;18;C;A;Active_Others;A_shaking;496657;496723;66;222
N2_PA_2022;18/11/2022;Nido2_axy33_pichonA_18112022;18;C;A;Begging;B_consp;496724;496963;239;223
N2_PA_2022;18/11/2022;Nido2_axy33_pichonA_18112022;18;C;A;Active_Others;A_upward;496964;497678;714;224
N2_PA_2022;18/11/2022;Nido2_axy33_pichonA_18112022;18;C;A;Active_Others;A_shaking;497679;497749;70;225
N2_PA_2022;18/11/2022;Nido2_axy33_pichonA_18112022;18;C;A;Active_Others;A_upward;497750;498870;1120;226
N2_PA_2022;18/11/2022;Nido2_axy33_pichonA_18112022;18;C;A;Active_Others;A_shaking;498871;498947;76;227
N2_PA_2022;18/11/2022;Nido2_axy33_pichonA_18112022;18;C;A;Active_Others;A_upward;498948;500002;1054;228
N2_PA_2022;18/11/2022;Nido2_axy33_pichonA_18112022;18;C;A;Active_Others;A_shaking;500003;500083;80;229
N2_PA_2022;18/11/2022;Nido2_axy33_pichonA_18112022;18;C;A;Active_Others;A_upward;500084;501016;932;230
N2_PA_2022;18/11/2022;Nido2_axy33_pichonA_18112022;18;C;A;Active_Others;A_shaking;501017;501095;78;231
N2_PA_2022;18/11/2022;Nido2_axy33_pichonA_18112022;18;C;A;Active_Others;A_upward;501096;501797;701;232
N2_PA_2022;18/11/2022;Nido2_axy33_pichonA_18112022;18;C;A;Active_Others;A_shaking;501798;501866;68;233
N2_PA_2022;18/11/2022;Nido2_axy33_pichonA_18112022;18;C;A;Active_Others;A_upward;501867;503822;1955;234
N2_PA_2022;18/11/2022;Nido2_axy33_pichonA_18112022;18;C;A;Active_Others;A_shaking;503823;503895;72;235
N2_PA_2022;18/11/2022;Nido2_axy33_pichonA_18112022;18;C;A;Active_Others;A_upward;503896;504178;282;236
N2_PA_2022;18/11/2022;Nido2_axy33_pichonA_18112022;18;C;A;Active_Others;A_shaking;504179;504231;52;237
N2_PA_2022;18/11/2022;Nido2_axy33_pichonA_18112022;18;C;A;Active_Others;A_upward;504232;505228;996;238
N2_PA_2022;18/11/2022;Nido2_axy33_pichonA_18112022;18;C;A;Active_Others;A_shaking;505229;505291;62;239
N2_PA_2022;18/11/2022;Nido2_axy33_pichonA_18112022;18;C;A;Resting;R;505292;506280;988;240
N2_PA_2022;18/11/2022;Nido2_axy33_pichonA_18112022;18;C;A;Active_Others;A_shaking;506281;506365;84;241
N2_PA_2022;18/11/2022;Nido2_axy33_pichonA_18112022;18;C;A;Resting;R;506366;507123;757;242
N2_PA_2022;18/11/2022;Nido2_axy33_pichonA_18112022;18;C;A;Active_Others;A_upward;507124;507724;600;243
N2_PA_2022;18/11/2022;Nido2_axy33_pichonA_18112022;18;C;A;Active_Others;A_shaking;507725;507780;55;244
N2_PA_2022;18/11/2022;Nido2_axy33_pichonA_18112022;18;C;A;Resting;R;507781;508647;866;245
N2_PA_2022;18/11/2022;Nido2_axy33_pichonA_18112022;18;C;A;Active_Others;A_shaking;508648;508707;59;246
N2_PA_2022;18/11/2022;Nido2_axy33_pichonA_18112022;18;C;A;Active_Others;A_upward;508708;508968;260;247
N2_PA_2022;18/11/2022;Nido2_axy33_pichonA_18112022;18;C;A;Resting;R;508969;509421;452;248
N2_PA_2022;18/11/2022;Nido2_axy33_pichonA_18112022;18;C;A;Active_Others;A_upward;509422;509625;203;249
N2_PA_2022;18/11/2022;Nido2_axy33_pichonA_18112022;18;C;A;Active_Others;A_shaking;509626;509678;52;250
N2_PA_2022;18/11/2022;Nido2_axy33_pichonA_18112022;18;C;A;Active_Others;A_upward;509679;510075;396;251
N2_PA_2022;18/11/2022;Nido2_axy33_pichonA_18112022;18;C;A;Active_Others;A_shaking;510076;510147;71;252
N2_PA_2022;18/11/2022;Nido2_axy33_pichonA_18112022;18;C;A;Active_Others;A_upward;510148;511342;1194;253
N2_PA_2022;18/11/2022;Nido2_axy33_pichonA_18112022;18;C;A;Resting;R;511343;512031;688;254
N2_PA_2022;18/11/2022;Nido2_axy33_pichonA_18112022;18;C;A;Active_Others;A_upward;512032;512247;215;255
N2_PA_2022;18/11/2022;Nido2_axy33_pichonA_18112022;18;C;A;Active_Others;A_shaking;512248;512325;77;256
N2_PA_2022;18/11/2022;Nido2_axy33_pichonA_18112022;18;C;A;Active_Others;A_upward;512326;515380;3054;257
N2_PA_2022;18/11/2022;Nido2_axy33_pichonA_18112022;18;C;A;Active_Others;A_shaking;515381;515452;71;258
N2_PA_2022;18/11/2022;Nido2_axy33_pichonA_18112022;18;C;A;Active_Others;A_upward;515453;516809;1356;259
N2_PA_2022;18/11/2022;Nido2_axy33_pichonA_18112022;18;C;A;Resting;R;516810;517380;570;260
N2_PA_2022;18/11/2022;Nido2_axy33_pichonA_18112022;18;C;A;Active_Others;A_shaking;517381;517444;63;261
N2_PA_2022;18/11/2022;Nido2_axy33_pichonA_18112022;18;C;A;Active_Others;A_upward;517445;518237;792;262
N2_PA_2022;18/11/2022;Nido2_axy33_pichonA_18112022;18;C;A;Resting;R;518238;518597;359;263
N2_PA_2022;18/11/2022;Nido2_axy33_pichonA_18112022;18;C;A;Active_Others;A_shaking;518598;518665;67;264
N2_PA_2022;18/11/2022;Nido2_axy33_pichonA_18112022;18;C;A;Active_Others;A_upward;518666;519775;1109;265
N2_PA_2022;18/11/2022;Nido2_axy33_pichonA_18112022;18;C;A;Active_Others;A_shaking;519776;519848;72;266
N2_PA_2022;18/11/2022;Nido2_axy33_pichonA_18112022;18;C;A;Active_Others;A_upward;519849;521423;1574;267
N2_PA_2022;18/11/2022;Nido2_axy33_pichonA_18112022;18;C;A;Active_Others;A_shaking;521424;521497;73;268
N2_PA_2022;18/11/2022;Nido2_axy33_pichonA_18112022;18;C;A;Active_Others;A_upward;521498;522645;1147;269
N2_PA_2022;18/11/2022;Nido2_axy33_pichonA_18112022;18;C;A;Active_Others;A_shaking;522646;522721;75;270
N2_PA_2022;18/11/2022;Nido2_axy33_pichonA_18112022;18;C;A;Active_Others;A_upward;522722;528188;5466;271
N2_PA_2022;18/11/2022;Nido2_axy33_pichonA_18112022;18;C;A;Active_Others;A_shaking;528189;528241;52;272
N2_PA_2022;18/11/2022;Nido2_axy33_pichonA_18112022;18;C;A;Active_Others;A_upward;528242;534048;5806;273
N2_PA_2022;18/11/2022;Nido2_axy33_pichonA_18112022;18;C;A;Resting;R;534049;540452;6403;274
N2_PA_2022;18/11/2022;Nido2_axy33_pichonA_18112022;18;C;A;Active_Others;A_downward;540453;540783;330;275
N2_PA_2022;18/11/2022;Nido2_axy33_pichonA_18112022;18;C;A;Resting;R;540784;543351;2567;276
N3_PB_2022;19/11/2022;Nido3_axy30_pichonB_19112022_S1;13;B;B;Active_Others;A_downward;264756;265084;328;1
N3_PB_2022;19/11/2022;Nido3_axy30_pichonB_19112022_S1;13;B;B;Active_Others;A_upward;265085;265615;530;2
N3_PB_2022;19/11/2022;Nido3_axy30_pichonB_19112022_S1;13;B;B;Resting;R;265616;265831;215;3
N3_PB_2022;19/11/2022;Nido3_axy30_pichonB_19112022_S1;13;B;B;Active_Others;A_upward;265832;266533;701;4
N3_PB_2022;19/11/2022;Nido3_axy30_pichonB_19112022_S1;13;B;B;Active_Others;A_downward;266534;266902;368;5
N3_PB_2022;19/11/2022;Nido3_axy30_pichonB_19112022_S1;13;B;B;Active_Others;A_upward;266903;267716;813;6
N3_PB_2022;19/11/2022;Nido3_axy30_pichonB_19112022_S1;13;B;B;Resting;R;267717;268066;349;7
N3_PB_2022;19/11/2022;Nido3_axy30_pichonB_19112022_S1;13;B;B;Active_Others;A_upward;268067;270088;2021;8
N3_PB_2022;19/11/2022;Nido3_axy30_pichonB_19112022_S1;13;B;B;Resting;R;270089;270392;303;9
N3_PB_2022;19/11/2022;Nido3_axy30_pichonB_19112022_S1;13;B;B;Active_Others;A_upward;270393;270504;111;10
N3_PB_2022;19/11/2022;Nido3_axy30_pichonB_19112022_S1;13;B;B;Resting;R;270505;270808;303;11
N3_PB_2022;19/11/2022;Nido3_axy30_pichonB_19112022_S1;13;B;B;Active_Others;A_upward;270809;271100;291;12
N3_PB_2022;19/11/2022;Nido3_axy30_pichonB_19112022_S1;13;B;B;Resting;R;271101;271513;412;13
N3_PB_2022;19/11/2022;Nido3_axy30_pichonB_19112022_S1;13;B;B;Active_Others;A_upward;271514;272451;937;14
N3_PB_2022;19/11/2022;Nido3_axy30_pichonB_19112022_S1;13;B;B;Resting;R;272452;272781;329;15
N3_PB_2022;19/11/2022;Nido3_axy30_pichonB_19112022_S1;13;B;B;Active_Others;A_upward;272782;273184;402;16
N3_PB_2022;19/11/2022;Nido3_axy30_pichonB_19112022_S1;13;B;B;Resting;R;273185;276586;3401;17
N3_PB_2022;19/11/2022;Nido3_axy30_pichonB_19112022_S1;13;B;B;Begging;B_consp;276587;277359;772;18
N3_PB_2022;19/11/2022;Nido3_axy30_pichonB_19112022_S1;13;B;B;Begging;B_pause;277360;277484;124;19
N3_PB_2022;19/11/2022;Nido3_axy30_pichonB_19112022_S1;13;B;B;Begging;B_consp;277485;277661;176;20
N3_PB_2022;19/11/2022;Nido3_axy30_pichonB_19112022_S1;13;B;B;Begging;B_pause;277662;277844;182;21
N3_PB_2022;19/11/2022;Nido3_axy30_pichonB_19112022_S1;13;B;B;Begging;B_consp;277845;278347;502;22
N3_PB_2022;19/11/2022;Nido3_axy30_pichonB_19112022_S1;13;B;B;Active_Others;A_upward;278348;278826;478;23
N3_PB_2022;19/11/2022;Nido3_axy30_pichonB_19112022_S1;13;B;B;Begging;B_consp;278827;279358;531;24
N3_PB_2022;19/11/2022;Nido3_axy30_pichonB_19112022_S1;13;B;B;Begging;B_pause;279359;279485;126;25
N3_PB_2022;19/11/2022;Nido3_axy30_pichonB_19112022_S1;13;B;B;Begging;B_consp;279486;279888;402;26
N3_PB_2022;19/11/2022;Nido3_axy30_pichonB_19112022_S1;13;B;B;Active_Others;A_upward;279889;280195;306;27
N3_PB_2022;19/11/2022;Nido3_axy30_pichonB_19112022_S1;13;B;B;Begging;B_consp;280196;281241;1045;28
N3_PB_2022;19/11/2022;Nido3_axy30_pichonB_19112022_S1;13;B;B;Active_Others;A_upward;281242;281999;757;29
N3_PB_2022;19/11/2022;Nido3_axy30_pichonB_19112022_S1;13;B;B;Resting;R;282000;283341;1341;30
N3_PB_2022;19/11/2022;Nido3_axy30_pichonB_19112022_S1;13;B;B;Active_Others;A_upward;283342;283868;526;31
N3_PB_2022;19/11/2022;Nido3_axy30_pichonB_19112022_S1;13;B;B;Resting;R;283869;284431;562;32
N3_PB_2022;19/11/2022;Nido3_axy30_pichonB_19112022_S1;13;B;B;Active_Others;A_downward;284432;284514;82;33
N3_PB_2022;19/11/2022;Nido3_axy30_pichonB_19112022_S1;13;B;B;Resting;R;284515;291759;7244;34
N3_PB_2022;19/11/2022;Nido3_axy30_pichonB_19112022_S1;13;B;B;Active_Others;A_upward;291760;293108;1348;35
N3_PB_2022;19/11/2022;Nido3_axy30_pichonB_19112022_S1;13;B;B;Begging;B_consp;293109;294198;1089;36
N3_PB_2022;19/11/2022;Nido3_axy30_pichonB_19112022_S1;13;B;B;Eating;E_long;294199;294637;438;37
N3_PB_2022;19/11/2022;Nido3_axy30_pichonB_19112022_S1;13;B;B;Begging;B_consp;294638;295195;557;38
N3_PB_2022;19/11/2022;Nido3_axy30_pichonB_19112022_S1;13;B;B;Eating;E_short;295196;295288;92;39
N3_PB_2022;19/11/2022;Nido3_axy30_pichonB_19112022_S1;13;B;B;Begging;B_consp;295289;296551;1262;40
N3_PB_2022;19/11/2022;Nido3_axy30_pichonB_19112022_S1;13;B;B;Eating;E_long;296552;297029;477;41
N3_PB_2022;19/11/2022;Nido3_axy30_pichonB_19112022_S1;13;B;B;Begging;B_consp;297030;298923;1893;42
N3_PB_2022;19/11/2022;Nido3_axy30_pichonB_19112022_S1;13;B;B;Eating;E_long;298924;299203;279;43
N3_PB_2022;19/11/2022;Nido3_axy30_pichonB_19112022_S1;13;B;B;Active_Others;A_downward;299204;299252;48;44
N3_PB_2022;19/11/2022;Nido3_axy30_pichonB_19112022_S1;13;B;B;Begging;B_consp;299253;299549;296;45
N3_PB_2022;19/11/2022;Nido3_axy30_pichonB_19112022_S1;13;B;B;Eating;E_long;299550;300213;663;46
N3_PB_2022;19/11/2022;Nido3_axy30_pichonB_19112022_S1;13;B;B;Begging;B_consp;300214;300822;608;47
N3_PB_2022;19/11/2022;Nido3_axy30_pichonB_19112022_S1;13;B;B;Active_Others;A_downward;300823;301061;238;48
N3_PB_2022;19/11/2022;Nido3_axy30_pichonB_19112022_S1;13;B;B;Begging;B_consp;301062;303820;2758;49
N3_PB_2022;19/11/2022;Nido3_axy30_pichonB_19112022_S1;13;B;B;Eating;E_long;303821;304599;778;50
N3_PB_2022;19/11/2022;Nido3_axy30_pichonB_19112022_S1;13;B;B;Begging;B_consp;304600;305474;874;51
N3_PB_2022;19/11/2022;Nido3_axy30_pichonB_19112022_S1;13;B;B;Eating;E_long;305475;306234;759;52
N3_PB_2022;19/11/2022;Nido3_axy30_pichonB_19112022_S1;13;B;B;Active_Others;Swallowing;306235;306267;32;53
N3_PB_2022;19/11/2022;Nido3_axy30_pichonB_19112022_S1;13;B;B;Begging;B_consp;306268;306497;229;54
N3_PB_2022;19/11/2022;Nido3_axy30_pichonB_19112022_S1;13;B;B;Active_Others;A_upward;306498;306907;409;55
N3_PB_2022;19/11/2022;Nido3_axy30_pichonB_19112022_S1;13;B;B;Begging;B_consp;306908;307294;386;56
N3_PB_2022;19/11/2022;Nido3_axy30_pichonB_19112022_S1;13;B;B;Active_Others;A_upward;307295;307431;136;57
N3_PB_2022;19/11/2022;Nido3_axy30_pichonB_19112022_S1;13;B;B;Begging;B_consp;307432;307522;90;58
N3_PB_2022;19/11/2022;Nido3_axy30_pichonB_19112022_S1;13;B;B;Active_Others;A_upward;307523;307665;142;59
N3_PB_2022;19/11/2022;Nido3_axy30_pichonB_19112022_S1;13;B;B;Begging;B_consp;307666;310907;3241;60
N3_PB_2022;19/11/2022;Nido3_axy30_pichonB_19112022_S1;13;B;B;Begging;B_pause;310908;310986;78;61
N3_PB_2022;19/11/2022;Nido3_axy30_pichonB_19112022_S1;13;B;B;Begging;B_consp;310987;311604;617;62
N3_PB_2022;19/11/2022;Nido3_axy30_pichonB_19112022_S1;13;B;B;Active_Others;A_upward;311605;312286;681;63
N3_PB_2022;19/11/2022;Nido3_axy30_pichonB_19112022_S1;13;B;B;Begging;B_consp;312287;312890;603;64
N3_PB_2022;19/11/2022;Nido3_axy30_pichonB_19112022_S1;13;B;B;Active_Others;A_downward;312891;313048;157;65
N3_PB_2022;19/11/2022;Nido3_axy30_pichonB_19112022_S1;13;B;B;Active_Others;A_upward;313049;313669;620;66
N3_PB_2022;19/11/2022;Nido3_axy30_pichonB_19112022_S1;13;B;B;Begging;B_consp;313670;314164;494;67
N3_PB_2022;19/11/2022;Nido3_axy30_pichonB_19112022_S1;13;B;B;Active_Others;A_downward;314165;314263;98;68
N3_PB_2022;19/11/2022;Nido3_axy30_pichonB_19112022_S1;13;B;B;Begging;B_consp;314264;314324;60;69
N3_PB_2022;19/11/2022;Nido3_axy30_pichonB_19112022_S1;13;B;B;Active_Others;A_downward;314325;314470;145;70
N3_PB_2022;19/11/2022;Nido3_axy30_pichonB_19112022_S1;13;B;B;Begging;B_consp;314471;314546;75;71
N3_PB_2022;19/11/2022;Nido3_axy30_pichonB_19112022_S1;13;B;B;Begging;B_pause;314547;314594;47;72
N3_PB_2022;19/11/2022;Nido3_axy30_pichonB_19112022_S1;13;B;B;Begging;B_consp;314595;315101;506;73
N3_PB_2022;19/11/2022;Nido3_axy30_pichonB_19112022_S1;13;B;B;Begging;B_pause;315102;315198;96;74
N3_PB_2022;19/11/2022;Nido3_axy30_pichonB_19112022_S1;13;B;B;Begging;B_consp;315199;315693;494;75
N3_PB_2022;19/11/2022;Nido3_axy30_pichonB_19112022_S1;13;B;B;Active_Others;A_upward;315694;316754;1060;76
N3_PB_2022;19/11/2022;Nido3_axy30_pichonB_19112022_S1;13;B;B;Active_Others;A_shaking;316755;316826;71;77
N3_PB_2022;19/11/2022;Nido3_axy30_pichonB_19112022_S1;13;B;B;Active_Others;A_upward;316827;316882;55;78
N3_PB_2022;19/11/2022;Nido3_axy30_pichonB_19112022_S1;13;B;B;Begging;B_consp;316883;317003;120;79
N3_PB_2022;19/11/2022;Nido3_axy30_pichonB_19112022_S1;13;B;B;Active_Others;A_upward;317004;317105;101;80
N3_PB_2022;19/11/2022;Nido3_axy30_pichonB_19112022_S1;13;B;B;Active_Others;A_downward;317106;317285;179;81
N3_PB_2022;19/11/2022;Nido3_axy30_pichonB_19112022_S1;13;B;B;Begging;B_consp;317286;318029;743;82
N3_PB_2022;19/11/2022;Nido3_axy30_pichonB_19112022_S1;13;B;B;Active_Others;A_downward;318030;318172;142;83
N3_PB_2022;19/11/2022;Nido3_axy30_pichonB_19112022_S1;13;B;B;Active_Others;A_upward;318173;318264;91;84
N3_PB_2022;19/11/2022;Nido3_axy30_pichonB_19112022_S1;13;B;B;Active_Others;A_downward;318265;318408;143;85
N3_PB_2022;19/11/2022;Nido3_axy30_pichonB_19112022_S1;13;B;B;Active_Others;A_upward;318409;318462;53;86
N3_PB_2022;19/11/2022;Nido3_axy30_pichonB_19112022_S1;13;B;B;Begging;B_consp;318463;318819;356;87
N3_PB_2022;19/11/2022;Nido3_axy30_pichonB_19112022_S1;13;B;B;Active_Others;A_upward;318820;319175;355;88
N3_PB_2022;19/11/2022;Nido3_axy30_pichonB_19112022_S1;13;B;B;Begging;B_consp;319176;319542;366;89
N3_PB_2022;19/11/2022;Nido3_axy30_pichonB_19112022_S1;13;B;B;Active_Others;A_downward;319543;319626;83;90
N3_PB_2022;19/11/2022;Nido3_axy30_pichonB_19112022_S1;13;B;B;Begging;B_consp;319627;319824;197;91
N3_PB_2022;19/11/2022;Nido3_axy30_pichonB_19112022_S1;13;B;B;Active_Others;A_downward;319825;319949;124;92
N3_PB_2022;19/11/2022;Nido3_axy30_pichonB_19112022_S1;13;B;B;Begging;B_consp;319950;320070;120;93
N3_PB_2022;19/11/2022;Nido3_axy30_pichonB_19112022_S1;13;B;B;Begging;B_pause;320071;320117;46;94
N3_PB_2022;19/11/2022;Nido3_axy30_pichonB_19112022_S1;13;B;B;Begging;B_consp;320118;320293;175;95
N3_PB_2022;19/11/2022;Nido3_axy30_pichonB_19112022_S1;13;B;B;Active_Others;A_upward;320294;320337;43;96
N3_PB_2022;19/11/2022;Nido3_axy30_pichonB_19112022_S1;13;B;B;Resting;R;320338;320636;298;97
N3_PB_2022;19/11/2022;Nido3_axy30_pichonB_19112022_S1;13;B;B;Active_Others;A_upward;320637;320953;316;98
N3_PB_2022;19/11/2022;Nido3_axy30_pichonB_19112022_S1;13;B;B;Begging;B_consp;320954;321018;64;99
N3_PB_2022;19/11/2022;Nido3_axy30_pichonB_19112022_S1;13;B;B;Active_Others;A_upward;321019;322034;1015;100
N3_PB_2022;19/11/2022;Nido3_axy30_pichonB_19112022_S1;13;B;B;Begging;B_consp;322035;322389;354;101
N3_PB_2022;19/11/2022;Nido3_axy30_pichonB_19112022_S1;13;B;B;Resting;R;322390;323429;1039;102
N3_PB_2022;19/11/2022;Nido3_axy30_pichonB_19112022_S1;13;B;B;Active_Others;A_upward;323430;323640;210;103
N3_PB_2022;19/11/2022;Nido3_axy30_pichonB_19112022_S1;13;B;B;Begging;B_consp;323641;323896;255;104
N3_PB_2022;19/11/2022;Nido3_axy30_pichonB_19112022_S1;13;B;B;Active_Others;A_upward;323897;324733;836;105
N3_PB_2022;19/11/2022;Nido3_axy30_pichonB_19112022_S1;13;B;B;Active_Others;A_shaking;324734;324814;80;106
N3_PB_2022;19/11/2022;Nido3_axy30_pichonB_19112022_S1;13;B;B;Active_Others;A_upward;324815;326060;1245;107
N3_PB_2022;19/11/2022;Nido3_axy30_pichonB_19112022_S1;13;B;B;Resting;R;326061;331104;5043;108
N3_PB_2022;19/11/2022;Nido3_axy30_pichonB_19112022_S1;13;B;B;Active_Others;A_upward;331105;331248;143;109
N3_PB_2022;19/11/2022;Nido3_axy30_pichonB_19112022_S1;13;B;B;Active_Others;A_downward;331249;331643;394;110
N3_PB_2022;19/11/2022;Nido3_axy30_pichonB_19112022_S1;13;B;B;Active_Others;A_upward;331644;331789;145;111
N3_PB_2022;19/11/2022;Nido3_axy30_pichonB_19112022_S1;13;B;B;Resting;R;331790;333550;1760;112
N3_PB_2022;19/11/2022;Nido3_axy30_pichonB_19112022_S1;13;B;B;Active_Others;A_upward;333551;334115;564;113
N3_PB_2022;19/11/2022;Nido3_axy30_pichonB_19112022_S1;13;B;B;Begging;B_consp;334116;336675;2559;114
N3_PB_2022;19/11/2022;Nido3_axy30_pichonB_19112022_S1;13;B;B;Begging;B_pause;336676;336783;107;115
N3_PB_2022;19/11/2022;Nido3_axy30_pichonB_19112022_S1;13;B;B;Begging;B_consp;336784;337113;329;116
N3_PB_2022;19/11/2022;Nido3_axy30_pichonB_19112022_S1;13;B;B;Begging;B_pause;337114;337152;38;117
N3_PB_2022;19/11/2022;Nido3_axy30_pichonB_19112022_S1;13;B;B;Begging;B_consp;337153;337391;238;118
N3_PB_2022;19/11/2022;Nido3_axy30_pichonB_19112022_S1;13;B;B;Begging;B_pause;337392;337441;49;119
N3_PB_2022;19/11/2022;Nido3_axy30_pichonB_19112022_S1;13;B;B;Begging;B_consp;337442;338654;1212;120
N3_PB_2022;19/11/2022;Nido3_axy30_pichonB_19112022_S1;13;B;B;Eating;E_long;338655;339387;732;121
N3_PB_2022;19/11/2022;Nido3_axy30_pichonB_19112022_S1;13;B;B;Begging;B_consp;339388;340514;1126;122
N3_PB_2022;19/11/2022;Nido3_axy30_pichonB_19112022_S1;13;B;B;Begging;B_pause;340515;340581;66;123
N3_PB_2022;19/11/2022;Nido3_axy30_pichonB_19112022_S1;13;B;B;Begging;B_consp;340582;340652;70;124
N3_PB_2022;19/11/2022;Nido3_axy30_pichonB_19112022_S1;13;B;B;Begging;B_pause;340653;340709;56;125
N3_PB_2022;19/11/2022;Nido3_axy30_pichonB_19112022_S1;13;B;B;Begging;B_consp;340710;341017;307;126
N3_PB_2022;19/11/2022;Nido3_axy30_pichonB_19112022_S1;13;B;B;Begging;B_pause;341018;341205;187;127
N3_PB_2022;19/11/2022;Nido3_axy30_pichonB_19112022_S1;13;B;B;Begging;B_consp;341206;341598;392;128
N3_PB_2022;19/11/2022;Nido3_axy30_pichonB_19112022_S1;13;B;B;Eating;E_long;341599;342099;500;129
N3_PB_2022;19/11/2022;Nido3_axy30_pichonB_19112022_S1;13;B;B;Begging;B_consp;342100;342568;468;130
N3_PB_2022;19/11/2022;Nido3_axy30_pichonB_19112022_S1;13;B;B;Begging;B_pause;342569;342615;46;131
N3_PB_2022;19/11/2022;Nido3_axy30_pichonB_19112022_S1;13;B;B;Begging;B_consp;342616;342685;69;132
N3_PB_2022;19/11/2022;Nido3_axy30_pichonB_19112022_S1;13;B;B;Active_Others;A_upward;342686;342863;177;133
N3_PB_2022;19/11/2022;Nido3_axy30_pichonB_19112022_S1;13;B;B;Begging;B_consp;342864;342910;46;134
N3_PB_2022;19/11/2022;Nido3_axy30_pichonB_19112022_S1;13;B;B;Begging;B_pause;342911;342941;30;135
N3_PB_2022;19/11/2022;Nido3_axy30_pichonB_19112022_S1;13;B;B;Begging;B_consp;342942;342982;40;136
N3_PB_2022;19/11/2022;Nido3_axy30_pichonB_19112022_S1;13;B;B;Active_Others;A_upward;342983;343421;438;137
N3_PB_2022;19/11/2022;Nido3_axy30_pichonB_19112022_S1;13;B;B;Begging;B_consp;343422;344454;1032;138
N3_PB_2022;19/11/2022;Nido3_axy30_pichonB_19112022_S1;13;B;B;Begging;B_pause;344455;344497;42;139
N3_PB_2022;19/11/2022;Nido3_axy30_pichonB_19112022_S1;13;B;B;Begging;B_consp;344498;344569;71;140
N3_PB_2022;19/11/2022;Nido3_axy30_pichonB_19112022_S1;13;B;B;Active_Others;A_upward;344570;344724;154;141
N3_PB_2022;19/11/2022;Nido3_axy30_pichonB_19112022_S1;13;B;B;Begging;B_consp;344725;344800;75;142
N3_PB_2022;19/11/2022;Nido3_axy30_pichonB_19112022_S1;13;B;B;Begging;B_pause;344801;344845;44;143
N3_PB_2022;19/11/2022;Nido3_axy30_pichonB_19112022_S1;13;B;B;Begging;B_consp;344846;344875;29;144
N3_PB_2022;19/11/2022;Nido3_axy30_pichonB_19112022_S1;13;B;B;Active_Others;A_upward;344876;345014;138;145
N3_PB_2022;19/11/2022;Nido3_axy30_pichonB_19112022_S1;13;B;B;Begging;B_consp;345015;346097;1082;146
N3_PB_2022;19/11/2022;Nido3_axy30_pichonB_19112022_S1;13;B;B;Active_Others;A_upward;346098;346270;172;147
N3_PB_2022;19/11/2022;Nido3_axy30_pichonB_19112022_S1;13;B;B;Begging;B_consp;346271;346378;107;148
N3_PB_2022;19/11/2022;Nido3_axy30_pichonB_19112022_S1;13;B;B;Active_Others;A_upward;346379;346543;164;149
N3_PB_2022;19/11/2022;Nido3_axy30_pichonB_19112022_S1;13;B;B;Begging;B_consp;346544;346691;147;150
N3_PB_2022;19/11/2022;Nido3_axy30_pichonB_19112022_S1;13;B;B;Active_Others;A_upward;346692;346940;248;151
N3_PB_2022;19/11/2022;Nido3_axy30_pichonB_19112022_S1;13;B;B;Begging;B_consp;346941;347215;274;152
N3_PB_2022;19/11/2022;Nido3_axy30_pichonB_19112022_S1;13;B;B;Eating;E_long;347216;347895;679;153
N3_PB_2022;19/11/2022;Nido3_axy30_pichonB_19112022_S1;13;B;B;Begging;B_consp;347896;348319;423;154
N3_PB_2022;19/11/2022;Nido3_axy30_pichonB_19112022_S1;13;B;B;Begging;B_pause;348320;348354;34;155
N3_PB_2022;19/11/2022;Nido3_axy30_pichonB_19112022_S1;13;B;B;Begging;B_consp;348355;348622;267;156
N3_PB_2022;19/11/2022;Nido3_axy30_pichonB_19112022_S1;13;B;B;Begging;B_pause;348623;348697;74;157
N3_PB_2022;19/11/2022;Nido3_axy30_pichonB_19112022_S1;13;B;B;Begging;B_consp;348698;349548;850;158
N3_PB_2022;19/11/2022;Nido3_axy30_pichonB_19112022_S1;13;B;B;Eating;E_long;349549;350338;789;159
N3_PB_2022;19/11/2022;Nido3_axy30_pichonB_19112022_S1;13;B;B;Begging;B_consp;350339;351271;932;160
N3_PB_2022;19/11/2022;Nido3_axy30_pichonB_19112022_S1;13;B;B;Eating;E_long;351272;351812;540;161
N3_PB_2022;19/11/2022;Nido3_axy30_pichonB_19112022_S1;13;B;B;Begging;B_consp;351813;352527;714;162
N3_PB_2022;19/11/2022;Nido3_axy30_pichonB_19112022_S1;13;B;B;Eating;E_long;352528;352953;425;163
N3_PB_2022;19/11/2022;Nido3_axy30_pichonB_19112022_S1;13;B;B;Begging;B_consp;352954;353064;110;164
N3_PB_2022;19/11/2022;Nido3_axy30_pichonB_19112022_S1;13;B;B;Begging;B_pause;353065;353120;55;165
N3_PB_2022;19/11/2022;Nido3_axy30_pichonB_19112022_S1;13;B;B;Begging;B_consp;353121;353413;292;166
N3_PB_2022;19/11/2022;Nido3_axy30_pichonB_19112022_S1;13;B;B;Active_Others;A_upward;353414;353564;150;167
N3_PB_2022;19/11/2022;Nido3_axy30_pichonB_19112022_S1;13;B;B;Begging;B_consp;353565;354087;522;168
N3_PB_2022;19/11/2022;Nido3_axy30_pichonB_19112022_S1;13;B;B;Eating;E_long;354088;354603;515;169
N3_PB_2022;19/11/2022;Nido3_axy30_pichonB_19112022_S1;13;B;B;Begging;B_consp;354604;355485;881;170
N3_PB_2022;19/11/2022;Nido3_axy30_pichonB_19112022_S1;13;B;B;Eating;E_short;355486;355602;116;171
N3_PB_2022;19/11/2022;Nido3_axy30_pichonB_19112022_S1;13;B;B;Begging;B_consp;355603;355911;308;172
N3_PB_2022;19/11/2022;Nido3_axy30_pichonB_19112022_S1;13;B;B;Eating;E_long;355912;356347;435;173
N3_PB_2022;19/11/2022;Nido3_axy30_pichonB_19112022_S1;13;B;B;Begging;B_consp;356348;356810;462;174
N3_PB_2022;19/11/2022;Nido3_axy30_pichonB_19112022_S1;13;B;B;Begging;B_pause;356811;356849;38;175
N3_PB_2022;19/11/2022;Nido3_axy30_pichonB_19112022_S1;13;B;B;Begging;B_consp;356850;357326;476;176
N3_PB_2022;19/11/2022;Nido3_axy30_pichonB_19112022_S1;13;B;B;Begging;B_pause;357327;357408;81;177
N3_PB_2022;19/11/2022;Nido3_axy30_pichonB_19112022_S1;13;B;B;Begging;B_consp;357409;358396;987;178
N3_PB_2022;19/11/2022;Nido3_axy30_pichonB_19112022_S1;13;B;B;Eating;E_short;358397;358581;184;179
N3_PB_2022;19/11/2022;Nido3_axy30_pichonB_19112022_S1;13;B;B;Begging;B_consp;358582;359136;554;180
N3_PB_2022;19/11/2022;Nido3_axy30_pichonB_19112022_S1;13;B;B;Begging;B_pause;359137;359216;79;181
N3_PB_2022;19/11/2022;Nido3_axy30_pichonB_19112022_S1;13;B;B;Begging;B_consp;359217;359363;146;182
N3_PB_2022;19/11/2022;Nido3_axy30_pichonB_19112022_S1;13;B;B;Begging;B_pause;359364;359566;202;183
N3_PB_2022;19/11/2022;Nido3_axy30_pichonB_19112022_S1;13;B;B;Begging;B_consp;359567;359696;129;184
N3_PB_2022;19/11/2022;Nido3_axy30_pichonB_19112022_S1;13;B;B;Active_Others;A_upward;359697;360460;763;185
N3_PB_2022;19/11/2022;Nido3_axy30_pichonB_19112022_S1;13;B;B;Begging;B_consp;360461;360626;165;186
N3_PB_2022;19/11/2022;Nido3_axy30_pichonB_19112022_S1;13;B;B;Active_Others;A_upward;360627;361166;539;187
N3_PB_2022;19/11/2022;Nido3_axy30_pichonB_19112022_S1;13;B;B;Active_Others;A_shaking;361167;361228;61;188
N3_PB_2022;19/11/2022;Nido3_axy30_pichonB_19112022_S1;13;B;B;Active_Others;A_upward;361229;362179;950;189
N3_PB_2022;19/11/2022;Nido3_axy30_pichonB_19112022_S1;13;B;B;Active_Others;A_shaking;362180;362246;66;190
N3_PB_2022;19/11/2022;Nido3_axy30_pichonB_19112022_S1;13;B;B;Active_Others;A_upward;362247;362560;313;191
N3_PB_2022;19/11/2022;Nido3_axy30_pichonB_19112022_S1;13;B;B;Active_Others;A_shaking;362561;362596;35;192
N3_PB_2022;19/11/2022;Nido3_axy30_pichonB_19112022_S1;13;B;B;Active_Others;A_upward;362597;362817;220;193
N3_PB_2022;19/11/2022;Nido3_axy30_pichonB_19112022_S1;13;B;B;Active_Others;A_shaking;362818;362889;71;194
N3_PB_2022;19/11/2022;Nido3_axy30_pichonB_19112022_S1;13;B;B;Active_Others;A_upward;362890;363065;175;195
N3_PB_2022;19/11/2022;Nido3_axy30_pichonB_19112022_S1;13;B;B;Active_Others;A_shaking;363066;363134;68;196
N3_PB_2022;19/11/2022;Nido3_axy30_pichonB_19112022_S1;13;B;B;Resting;R;363135;363523;388;197
N3_PB_2022;19/11/2022;Nido3_axy30_pichonB_19112022_S1;13;B;B;Active_Others;A_upward;363524;363566;42;198
N3_PB_2022;19/11/2022;Nido3_axy30_pichonB_19112022_S1;13;B;B;Active_Others;A_shaking;363567;363630;63;199
N3_PB_2022;19/11/2022;Nido3_axy30_pichonB_19112022_S1;13;B;B;Active_Others;A_upward;363631;364208;577;200
N3_PB_2022;19/11/2022;Nido3_axy30_pichonB_19112022_S1;13;B;B;Active_Others;A_shaking;364209;364276;67;201
N3_PB_2022;19/11/2022;Nido3_axy30_pichonB_19112022_S1;13;B;B;Active_Others;A_upward;364277;364529;252;202
N3_PB_2022;19/11/2022;Nido3_axy30_pichonB_19112022_S1;13;B;B;Resting;R;364530;364906;376;203
N3_PB_2022;19/11/2022;Nido3_axy30_pichonB_19112022_S1;13;B;B;Active_Others;A_upward;364907;365824;917;204
N3_PB_2022;19/11/2022;Nido3_axy30_pichonB_19112022_S1;13;B;B;Active_Others;A_shaking;365825;365895;70;205
N3_PB_2022;19/11/2022;Nido3_axy30_pichonB_19112022_S1;13;B;B;Active_Others;A_upward;365896;366223;327;206
N3_PB_2022;19/11/2022;Nido3_axy30_pichonB_19112022_S1;13;B;B;Active_Others;A_shaking;366224;366298;74;207
N3_PB_2022;19/11/2022;Nido3_axy30_pichonB_19112022_S1;13;B;B;Active_Others;A_upward;366299;366998;699;208
N3_PB_2022;19/11/2022;Nido3_axy30_pichonB_19112022_S1;13;B;B;Active_Others;A_shaking;366999;367061;62;209
N3_PB_2022;19/11/2022;Nido3_axy30_pichonB_19112022_S1;13;B;B;Active_Others;A_upward;367062;367284;222;210
N3_PB_2022;19/11/2022;Nido3_axy30_pichonB_19112022_S1;13;B;B;Resting;R;367285;367898;613;211
N3_PB_2022;19/11/2022;Nido3_axy30_pichonB_19112022_S1;13;B;B;Active_Others;A_upward;367899;368222;323;212
N3_PB_2022;19/11/2022;Nido3_axy30_pichonB_19112022_S1;13;B;B;Resting;R;368223;368586;363;213
N3_PB_2022;19/11/2022;Nido3_axy30_pichonB_19112022_S1;13;B;B;Active_Others;A_upward;368587;369459;872;214
N3_PB_2022;19/11/2022;Nido3_axy30_pichonB_19112022_S1;13;B;B;Active_Others;A_shaking;369460;369532;72;215
N3_PB_2022;19/11/2022;Nido3_axy30_pichonB_19112022_S1;13;B;B;Active_Others;A_upward;369533;369599;66;216
N3_PB_2022;19/11/2022;Nido3_axy30_pichonB_19112022_S1;13;B;B;Active_Others;A_shaking;369600;369648;48;217
N3_PB_2022;19/11/2022;Nido3_axy30_pichonB_19112022_S1;13;B;B;Active_Others;A_upward;369649;370063;414;218
N3_PB_2022;19/11/2022;Nido3_axy30_pichonB_19112022_S1;13;B;B;Resting;R;370064;371377;1313;219
N3_PB_2022;19/11/2022;Nido3_axy30_pichonB_19112022_S1;13;B;B;Active_Others;A_shaking;371378;371427;49;220
N3_PB_2022;19/11/2022;Nido3_axy30_pichonB_19112022_S1;13;B;B;Resting;R;371428;376841;5413;221
N3_PB_2022;19/11/2022;Nido3_axy30_pichonB_19112022_S1;13;B;B;Active_Others;A_upward;376842;379781;2939;222
N3_PB_2022;19/11/2022;Nido3_axy30_pichonB_19112022_S1;13;B;B;Resting;R;379782;381586;1804;223
N3_PB_2022;19/11/2022;Nido3_axy30_pichonB_19112022_S1;13;B;B;Active_Others;A_upward;381587;381640;53;224
N3_PB_2022;19/11/2022;Nido3_axy30_pichonB_19112022_S1;13;B;B;Resting;R;381641;382246;605;225
N3_PB_2022;19/11/2022;Nido3_axy30_pichonB_19112022_S1;13;B;B;Active_Others;A_upward;382247;382355;108;226
N3_PB_2022;19/11/2022;Nido3_axy30_pichonB_19112022_S1;13;B;B;Resting;R;382356;382807;451;227
N3_PB_2022;19/11/2022;Nido3_axy30_pichonB_19112022_S1;13;B;B;Active_Others;A_upward;382808;383272;464;228
N3_PB_2022;19/11/2022;Nido3_axy30_pichonB_19112022_S1;13;B;B;Resting;R;383273;383614;341;229
N3_PB_2022;19/11/2022;Nido3_axy30_pichonB_19112022_S1;13;B;B;Active_Others;A_upward;383615;383848;233;230
N3_PB_2022;19/11/2022;Nido3_axy30_pichonB_19112022_S1;13;B;B;Resting;R;383849;384275;426;231
N3_PB_2022;19/11/2022;Nido3_axy30_pichonB_19112022_S1;13;B;B;Active_Others;A_upward;384276;384406;130;232
N3_PB_2022;19/11/2022;Nido3_axy30_pichonB_19112022_S1;13;B;B;Resting;R;384407;384593;186;233
N3_PB_2022;19/11/2022;Nido3_axy30_pichonB_19112022_S1;13;B;B;Active_Others;A_upward;384594;384731;137;234
N3_PB_2022;19/11/2022;Nido3_axy30_pichonB_19112022_S1;13;B;B;Resting;R;384732;385011;279;235
N3_PB_2022;19/11/2022;Nido3_axy30_pichonB_19112022_S1;13;B;B;Active_Others;A_upward;385012;387371;2359;236
N3_PB_2022;19/11/2022;Nido3_axy30_pichonB_19112022_S1;13;B;B;Resting;R;387372;387672;300;237
N3_PB_2022;19/11/2022;Nido3_axy30_pichonB_19112022_S1;13;B;B;Active_Others;A_upward;387673;387749;76;238
N3_PB_2022;19/11/2022;Nido3_axy30_pichonB_19112022_S1;13;B;B;Resting;R;387750;388859;1109;239
N3_PB_2022;19/11/2022;Nido3_axy30_pichonB_19112022_S1;13;B;B;Active_Others;A_upward;388860;389168;308;240
N3_PB_2022;19/11/2022;Nido3_axy30_pichonB_19112022_S1;13;B;B;Resting;R;389169;389386;217;241
N3_PB_2022;19/11/2022;Nido3_axy30_pichonB_19112022_S1;13;B;B;Active_Others;A_upward;389387;389555;168;242
N3_PB_2022;19/11/2022;Nido3_axy30_pichonB_19112022_S1;13;B;B;Resting;R;389556;393121;3565;243
N3_PB_2022;19/11/2022;Nido3_axy30_pichonB_19112022_S1;13;B;B;Active_Others;A_upward;393122;393477;355;244
N3_PB_2022;19/11/2022;Nido3_axy30_pichonB_19112022_S1;13;B;B;Resting;R;393478;393933;455;245
N3_PB_2022;19/11/2022;Nido3_axy30_pichonB_19112022_S1;13;B;B;Active_Others;A_upward;393934;397176;3242;246
N3_PB_2022;19/11/2022;Nido3_axy30_pichonB_19112022_S1;13;B;B;Resting;R;397177;397375;198;247
N3_PB_2022;19/11/2022;Nido3_axy30_pichonB_19112022_S1;13;B;B;Active_Others;A_upward;397376;397868;492;248
N3_PB_2022;19/11/2022;Nido3_axy30_pichonB_19112022_S1;13;B;B;Resting;R;397869;403007;5138;249
N3_PB_2022;19/11/2022;Nido3_axy30_pichonB_19112022_S1;13;B;B;Active_Others;A_upward;403008;404617;1609;250
N3_PB_2022;19/11/2022;Nido3_axy30_pichonB_19112022_S1;13;B;B;Resting;R;404618;405547;929;251
N3_PB_2022;19/11/2022;Nido3_axy30_pichonB_19112022_S1;13;B;B;Active_Others;A_upward;405548;405877;329;252
N3_PB_2022;19/11/2022;Nido3_axy30_pichonB_19112022_S1;13;B;B;Resting;R;405878;407056;1178;253
N3_PB_2022;19/11/2022;Nido3_axy30_pichonB_19112022_S1;13;B;B;Active_Others;A_upward;407057;407763;706;254
N5_PA_2022;20/11/2022;Nido5_axy27_pichonA_20112022_S1;16;C;A;Begging;B_consp;218265;219109;844;1
N5_PA_2022;20/11/2022;Nido5_axy27_pichonA_20112022_S1;16;C;A;Eating;E_long;219110;221375;2265;2
N5_PA_2022;20/11/2022;Nido5_axy27_pichonA_20112022_S1;16;C;A;Active_Others;A_downward;221376;221491;115;3
N5_PA_2022;20/11/2022;Nido5_axy27_pichonA_20112022_S1;16;C;A;Active_Others;A_upward;221492;221898;406;4
N5_PA_2022;20/11/2022;Nido5_axy27_pichonA_20112022_S1;16;C;A;Begging;B_consp;221899;222861;962;5
N5_PA_2022;20/11/2022;Nido5_axy27_pichonA_20112022_S1;16;C;A;Begging;B_pause;222862;222938;76;6
N5_PA_2022;20/11/2022;Nido5_axy27_pichonA_20112022_S1;16;C;A;Begging;B_consp;222939;227920;4981;7
N5_PA_2022;20/11/2022;Nido5_axy27_pichonA_20112022_S1;16;C;A;Eating;E_long;227921;229270;1349;8
N5_PA_2022;20/11/2022;Nido5_axy27_pichonA_20112022_S1;16;C;A;Active_Others;A_upward;229271;229869;598;9
N5_PA_2022;20/11/2022;Nido5_axy27_pichonA_20112022_S1;16;C;A;Begging;B_consp;229870;234033;4163;10
N5_PA_2022;20/11/2022;Nido5_axy27_pichonA_20112022_S1;16;C;A;Eating;E_long;234034;235054;1020;11
N5_PA_2022;20/11/2022;Nido5_axy27_pichonA_20112022_S1;16;C;A;Active_Others;A_upward;235055;236410;1355;12
N5_PA_2022;20/11/2022;Nido5_axy27_pichonA_20112022_S1;16;C;A;Begging;B_consp;236411;245437;9026;13
N5_PA_2022;20/11/2022;Nido5_axy27_pichonA_20112022_S1;16;C;A;Eating;E_long;245438;246433;995;14
N5_PA_2022;20/11/2022;Nido5_axy27_pichonA_20112022_S1;16;C;A;Active_Others;A_upward;246434;247836;1402;15
N5_PA_2022;20/11/2022;Nido5_axy27_pichonA_20112022_S1;16;C;A;Begging;B_consp;247837;253045;5208;16
N5_PA_2022;20/11/2022;Nido5_axy27_pichonA_20112022_S1;16;C;A;Eating;E_long;253046;254068;1022;17
N5_PA_2022;20/11/2022;Nido5_axy27_pichonA_20112022_S1;16;C;A;Active_Others;A_upward;254069;254502;433;18
N5_PA_2022;20/11/2022;Nido5_axy27_pichonA_20112022_S1;16;C;A;Active_Others;A_downward;254503;254698;195;19
N5_PA_2022;20/11/2022;Nido5_axy27_pichonA_20112022_S1;16;C;A;Active_Others;A_upward;254699;254911;212;20
N5_PA_2022;20/11/2022;Nido5_axy27_pichonA_20112022_S1;16;C;A;Active_Others;A_downward;254912;255116;204;21
N5_PA_2022;20/11/2022;Nido5_axy27_pichonA_20112022_S1;16;C;A;Active_Others;A_upward;255117;255348;231;22
N5_PA_2022;20/11/2022;Nido5_axy27_pichonA_20112022_S1;16;C;A;Active_Others;A_downward;255349;255593;244;23
N5_PA_2022;20/11/2022;Nido5_axy27_pichonA_20112022_S1;16;C;A;Active_Others;A_upward;255594;256915;1321;24
N5_PA_2022;20/11/2022;Nido5_axy27_pichonA_20112022_S1;16;C;A;Active_Others;A_downward;256916;257399;483;25
N5_PA_2022;20/11/2022;Nido5_axy27_pichonA_20112022_S1;16;C;A;Active_Others;A_upward;257400;257664;264;26
N5_PA_2022;20/11/2022;Nido5_axy27_pichonA_20112022_S1;16;C;A;Active_Others;A_downward;257665;257900;235;27
N5_PA_2022;20/11/2022;Nido5_axy27_pichonA_20112022_S1;16;C;A;Active_Others;A_upward;257901;258298;397;28
N5_PA_2022;20/11/2022;Nido5_axy27_pichonA_20112022_S1;16;C;A;Begging;B_consp;258299;258954;655;29
N5_PA_2022;20/11/2022;Nido5_axy27_pichonA_20112022_S1;16;C;A;Active_Others;A_downward;258955;259843;888;30
N5_PA_2022;20/11/2022;Nido5_axy27_pichonA_20112022_S1;16;C;A;Active_Others;A_upward;259844;260048;204;31
N5_PA_2022;20/11/2022;Nido5_axy27_pichonA_20112022_S1;16;C;A;Active_Others;A_downward;260049;260238;189;32
N5_PA_2022;20/11/2022;Nido5_axy27_pichonA_20112022_S1;16;C;A;Active_Others;A_upward;260239;260462;223;33
N5_PA_2022;20/11/2022;Nido5_axy27_pichonA_20112022_S1;16;C;A;Active_Others;A_downward;260463;261203;740;34
N5_PA_2022;20/11/2022;Nido5_axy27_pichonA_20112022_S1;16;C;A;Active_Others;A_upward;261204;261352;148;35
N5_PA_2022;20/11/2022;Nido5_axy27_pichonA_20112022_S1;16;C;A;Active_Others;A_downward;261353;261443;90;36
N5_PA_2022;20/11/2022;Nido5_axy27_pichonA_20112022_S1;16;C;A;Begging;B_consp;261444;261654;210;37
N5_PA_2022;20/11/2022;Nido5_axy27_pichonA_20112022_S1;16;C;A;Active_Others;A_downward;261655;261888;233;38
N5_PA_2022;20/11/2022;Nido5_axy27_pichonA_20112022_S1;16;C;A;Active_Others;A_upward;261889;262020;131;39
N5_PA_2022;20/11/2022;Nido5_axy27_pichonA_20112022_S1;16;C;A;Active_Others;A_downward;262021;262334;313;40
N5_PA_2022;20/11/2022;Nido5_axy27_pichonA_20112022_S1;16;C;A;Active_Others;A_upward;262335;262904;569;41
N5_PA_2022;20/11/2022;Nido5_axy27_pichonA_20112022_S1;16;C;A;Active_Others;A_downward;262905;263656;751;42
N5_PA_2022;20/11/2022;Nido5_axy27_pichonA_20112022_S1;16;C;A;Resting;R;263657;267777;4120;43
N5_PA_2022;20/11/2022;Nido5_axy27_pichonA_20112022_S1;16;C;A;Begging;B_consp;267778;268116;338;44
N5_PA_2022;20/11/2022;Nido5_axy27_pichonA_20112022_S1;16;C;A;Active_Others;A_downward;268117;269609;1492;45
N5_PA_2022;20/11/2022;Nido5_axy27_pichonA_20112022_S1;16;C;A;Active_Others;A_upward;269610;269839;229;46
N5_PA_2022;20/11/2022;Nido5_axy27_pichonA_20112022_S1;16;C;A;Active_Others;A_downward;269840;272667;2827;47
N5_PA_2022;20/11/2022;Nido5_axy27_pichonA_20112022_S1;16;C;A;Resting;R;272668;275980;3312;48
N5_PA_2022;20/11/2022;Nido5_axy27_pichonA_20112022_S1;16;C;A;Active_Others;A_downward;275981;276081;100;49
N5_PA_2022;20/11/2022;Nido5_axy27_pichonA_20112022_S1;16;C;A;Resting;R;276082;280358;4276;50
N5_PA_2022;20/11/2022;Nido5_axy27_pichonA_20112022_S1;16;C;A;Active_Others;A_upward;280359;280465;106;51
N5_PA_2022;20/11/2022;Nido5_axy27_pichonA_20112022_S1;16;C;A;Active_Others;A_downward;280466;280611;145;52
N5_PA_2022;20/11/2022;Nido5_axy27_pichonA_20112022_S1;16;C;A;Active_Others;A_upward;280612;280849;237;53
N5_PA_2022;20/11/2022;Nido5_axy27_pichonA_20112022_S1;16;C;A;Resting;R;280850;282007;1157;54
N5_PA_2022;20/11/2022;Nido5_axy27_pichonA_20112022_S1;16;C;A;Active_Others;A_downward;282008;282225;217;55
N5_PA_2022;20/11/2022;Nido5_axy27_pichonA_20112022_S1;16;C;A;Resting;R;282226;282710;484;56
N5_PA_2022;20/11/2022;Nido5_axy27_pichonA_20112022_S1;16;C;A;Active_Others;A_downward;282711;282799;88;57
N5_PA_2022;20/11/2022;Nido5_axy27_pichonA_20112022_S1;16;C;A;Resting;R;282800;286031;3231;58
N5_PA_2022;20/11/2022;Nido5_axy27_pichonA_20112022_S1;16;C;A;Active_Others;A_downward;286032;286137;105;59
N5_PA_2022;20/11/2022;Nido5_axy27_pichonA_20112022_S1;16;C;A;Resting;R;286138;286460;322;60
N5_PA_2022;20/11/2022;Nido5_axy27_pichonA_20112022_S1;16;C;A;Active_Others;A_downward;286461;287785;1324;61
N5_PA_2022;20/11/2022;Nido5_axy27_pichonA_20112022_S1;16;C;A;Resting;R;287786;288257;471;62
N5_PA_2022;20/11/2022;Nido5_axy27_pichonA_20112022_S1;16;C;A;Active_Others;A_downward;288258;289035;777;63
N5_PA_2022;20/11/2022;Nido5_axy27_pichonA_20112022_S1;16;C;A;Resting;R;289036;289539;503;64
N5_PA_2022;20/11/2022;Nido5_axy27_pichonA_20112022_S1;16;C;A;Active_Others;A_downward;289540;289937;397;65
N5_PA_2022;20/11/2022;Nido5_axy27_pichonA_20112022_S1;16;C;A;Resting;R;289938;290278;340;66
N5_PA_2022;20/11/2022;Nido5_axy27_pichonA_20112022_S1;16;C;A;Active_Others;A_downward;290279;290478;199;67
N5_PA_2022;20/11/2022;Nido5_axy27_pichonA_20112022_S1;16;C;A;Active_Others;A_upward;290479;290577;98;68
N5_PA_2022;20/11/2022;Nido5_axy27_pichonA_20112022_S1;16;C;A;Active_Others;A_downward;290578;290772;194;69
N5_PA_2022;20/11/2022;Nido5_axy27_pichonA_20112022_S1;16;C;A;Resting;R;290773;308763;17990;70
N6_PA_2022;20/11/2022;Nido6_axy32_pichonA_20112022_S1;12;B;A;Begging;B_consp;164979;167016;2037;1
N6_PA_2022;20/11/2022;Nido6_axy32_pichonA_20112022_S1;12;B;A;Eating;E_long;167017;168310;1293;2
N6_PA_2022;20/11/2022;Nido6_axy32_pichonA_20112022_S1;12;B;A;Begging;B_consp;168311;171314;3003;3
N6_PA_2022;20/11/2022;Nido6_axy32_pichonA_20112022_S1;12;B;A;Eating;E_long;171315;173417;2102;4
N6_PA_2022;20/11/2022;Nido6_axy32_pichonA_20112022_S1;12;B;A;Begging;B_consp;173418;187790;14372;5
N6_PA_2022;20/11/2022;Nido6_axy32_pichonA_20112022_S1;12;B;A;Eating;E_long;187791;189559;1768;6
N6_PA_2022;20/11/2022;Nido6_axy32_pichonA_20112022_S1;12;B;A;Begging;B_consp;189560;206167;16607;7
N6_PA_2022;20/11/2022;Nido6_axy32_pichonA_20112022_S1;12;B;A;Active_Others;A_upward;206168;208144;1976;8
N6_PA_2022;20/11/2022;Nido6_axy32_pichonA_20112022_S1;12;B;A;Active_Others;A_downward;208145;208504;359;9
N6_PA_2022;20/11/2022;Nido6_axy32_pichonA_20112022_S1;12;B;A;Active_Others;A_upward;208505;208902;397;10
N6_PA_2022;20/11/2022;Nido6_axy32_pichonA_20112022_S1;12;B;A;Active_Others;A_downward;208903;209111;208;11
N6_PA_2022;20/11/2022;Nido6_axy32_pichonA_20112022_S1;12;B;A;Active_Others;A_shaking;209112;209145;33;12
N6_PA_2022;20/11/2022;Nido6_axy32_pichonA_20112022_S1;12;B;A;Active_Others;A_upward;209146;210201;1055;13
N6_PA_2022;20/11/2022;Nido6_axy32_pichonA_20112022_S1;12;B;A;Active_Others;A_downward;210202;214612;4410;14
N6_PA_2022;20/11/2022;Nido6_axy32_pichonA_20112022_S1;12;B;A;Resting;R;214613;230999;16386;15
N7_PA_2022;21/11/2022;Nido7_axy26_pichonA_21112022_S1;13;B;A;Begging;B_consp;415438;415680;242;1
N7_PA_2022;21/11/2022;Nido7_axy26_pichonA_21112022_S1;13;B;A;Active_Others;A_downward;415681;415781;100;2
N7_PA_2022;21/11/2022;Nido7_axy26_pichonA_21112022_S1;13;B;A;Begging;B_consp;415782;415912;130;3
N7_PA_2022;21/11/2022;Nido7_axy26_pichonA_21112022_S1;13;B;A;Active_Others;A_downward;415913;416103;190;4
N7_PA_2022;21/11/2022;Nido7_axy26_pichonA_21112022_S1;13;B;A;Begging;B_consp;416104;418014;1910;5
N7_PA_2022;21/11/2022;Nido7_axy26_pichonA_21112022_S1;13;B;A;Begging;B_pause;418015;418166;151;6
N7_PA_2022;21/11/2022;Nido7_axy26_pichonA_21112022_S1;13;B;A;Begging;B_consp;418167;418514;347;7
N7_PA_2022;21/11/2022;Nido7_axy26_pichonA_21112022_S1;13;B;A;Begging;B_pause;418515;418575;60;8
N7_PA_2022;21/11/2022;Nido7_axy26_pichonA_21112022_S1;13;B;A;Begging;B_consp;418576;419784;1208;9
N7_PA_2022;21/11/2022;Nido7_axy26_pichonA_21112022_S1;13;B;A;Begging;B_pause;419785;419836;51;10
N7_PA_2022;21/11/2022;Nido7_axy26_pichonA_21112022_S1;13;B;A;Begging;B_consp;419837;420154;317;11
N7_PA_2022;21/11/2022;Nido7_axy26_pichonA_21112022_S1;13;B;A;Begging;B_pause;420155;420214;59;12
N7_PA_2022;21/11/2022;Nido7_axy26_pichonA_21112022_S1;13;B;A;Begging;B_consp;420215;420453;238;13
N7_PA_2022;21/11/2022;Nido7_axy26_pichonA_21112022_S1;13;B;A;Begging;B_pause;420454;420477;23;14
N7_PA_2022;21/11/2022;Nido7_axy26_pichonA_21112022_S1;13;B;A;Begging;B_consp;420478;420797;319;15
N7_PA_2022;21/11/2022;Nido7_axy26_pichonA_21112022_S1;13;B;A;Eating;E_long;420798;421917;1119;16
N7_PA_2022;21/11/2022;Nido7_axy26_pichonA_21112022_S1;13;B;A;Active_Others;A_upward;421918;422005;87;17
N7_PA_2022;21/11/2022;Nido7_axy26_pichonA_21112022_S1;13;B;A;Active_Others;A_downward;422006;422059;53;18
N7_PA_2022;21/11/2022;Nido7_axy26_pichonA_21112022_S1;13;B;A;Active_Others;A_upward;422060;422269;209;19
N7_PA_2022;21/11/2022;Nido7_axy26_pichonA_21112022_S1;13;B;A;Active_Others;A_shaking;422270;422294;24;20
N7_PA_2022;21/11/2022;Nido7_axy26_pichonA_21112022_S1;13;B;A;Active_Others;A_upward;422295;423364;1069;21
N7_PA_2022;21/11/2022;Nido7_axy26_pichonA_21112022_S1;13;B;A;Begging;B_consp;423365;423447;82;22
N7_PA_2022;21/11/2022;Nido7_axy26_pichonA_21112022_S1;13;B;A;Begging;B_pause;423448;423525;77;23
N7_PA_2022;21/11/2022;Nido7_axy26_pichonA_21112022_S1;13;B;A;Begging;B_consp;423526;426679;3153;24
N7_PA_2022;21/11/2022;Nido7_axy26_pichonA_21112022_S1;13;B;A;Begging;B_pause;426680;426801;121;25
N7_PA_2022;21/11/2022;Nido7_axy26_pichonA_21112022_S1;13;B;A;Begging;B_consp;426802;427710;908;26
N7_PA_2022;21/11/2022;Nido7_axy26_pichonA_21112022_S1;13;B;A;Eating;E_long;427711;428507;796;27
N7_PA_2022;21/11/2022;Nido7_axy26_pichonA_21112022_S1;13;B;A;Active_Others;A_upward;428508;429526;1018;28
N7_PA_2022;21/11/2022;Nido7_axy26_pichonA_21112022_S1;13;B;A;Active_Others;A_downward;429527;429627;100;29
N7_PA_2022;21/11/2022;Nido7_axy26_pichonA_21112022_S1;13;B;A;Begging;B_consp;429628;431331;1703;30
N7_PA_2022;21/11/2022;Nido7_axy26_pichonA_21112022_S1;13;B;A;Begging;B_pause;431332;431408;76;31
N7_PA_2022;21/11/2022;Nido7_axy26_pichonA_21112022_S1;13;B;A;Begging;B_consp;431409;431654;245;32
N7_PA_2022;21/11/2022;Nido7_axy26_pichonA_21112022_S1;13;B;A;Active_Others;A_upward;431655;432364;709;33
N7_PA_2022;21/11/2022;Nido7_axy26_pichonA_21112022_S1;13;B;A;Active_Others;A_downward;432365;432593;228;34
N7_PA_2022;21/11/2022;Nido7_axy26_pichonA_21112022_S1;13;B;A;Active_Others;A_upward;432594;432895;301;35
N7_PA_2022;21/11/2022;Nido7_axy26_pichonA_21112022_S1;13;B;A;Active_Others;A_shaking;432896;432917;21;36
N7_PA_2022;21/11/2022;Nido7_axy26_pichonA_21112022_S1;13;B;A;Active_Others;A_downward;432918;433749;831;37
N7_PA_2022;21/11/2022;Nido7_axy26_pichonA_21112022_S1;13;B;A;Active_Others;A_upward;433750;433828;78;38
N7_PA_2022;21/11/2022;Nido7_axy26_pichonA_21112022_S1;13;B;A;Active_Others;A_shaking;433829;433852;23;39
N7_PA_2022;21/11/2022;Nido7_axy26_pichonA_21112022_S1;13;B;A;Active_Others;A_upward;433853;434727;874;40
N7_PA_2022;21/11/2022;Nido7_axy26_pichonA_21112022_S1;13;B;A;Active_Others;A_downward;434728;434991;263;41
N7_PA_2022;21/11/2022;Nido7_axy26_pichonA_21112022_S1;13;B;A;Active_Others;A_upward;434992;435772;780;42
N7_PA_2022;21/11/2022;Nido7_axy26_pichonA_21112022_S1;13;B;A;Active_Others;A_shaking;435773;435797;24;43
N7_PA_2022;21/11/2022;Nido7_axy26_pichonA_21112022_S1;13;B;A;Active_Others;A_upward;435798;435904;106;44
N7_PA_2022;21/11/2022;Nido7_axy26_pichonA_21112022_S1;13;B;A;Active_Others;A_downward;435905;436353;448;45
N7_PA_2022;21/11/2022;Nido7_axy26_pichonA_21112022_S1;13;B;A;Active_Others;A_upward;436354;437204;850;46
N7_PA_2022;21/11/2022;Nido7_axy26_pichonA_21112022_S1;13;B;A;Active_Others;A_downward;437205;437282;77;47
N7_PA_2022;21/11/2022;Nido7_axy26_pichonA_21112022_S1;13;B;A;Active_Others;A_upward;437283;437637;354;48
N7_PA_2022;21/11/2022;Nido7_axy26_pichonA_21112022_S1;13;B;A;Active_Others;A_shaking;437638;437662;24;49
N7_PA_2022;21/11/2022;Nido7_axy26_pichonA_21112022_S1;13;B;A;Active_Others;A_upward;437663;437768;105;50
N7_PA_2022;21/11/2022;Nido7_axy26_pichonA_21112022_S1;13;B;A;Begging;B_consp;437769;438825;1056;51
N7_PA_2022;21/11/2022;Nido7_axy26_pichonA_21112022_S1;13;B;A;Active_Others;A_upward;438826;439971;1145;52
N7_PA_2022;21/11/2022;Nido7_axy26_pichonA_21112022_S1;13;B;A;Begging;B_consp;439972;442944;2972;53
N7_PA_2022;21/11/2022;Nido7_axy26_pichonA_21112022_S1;13;B;A;Begging;B_pause;442945;442990;45;54
N7_PA_2022;21/11/2022;Nido7_axy26_pichonA_21112022_S1;13;B;A;Begging;B_consp;442991;443797;806;55
N7_PA_2022;21/11/2022;Nido7_axy26_pichonA_21112022_S1;13;B;A;Active_Others;A_upward;443798;443961;163;56
N7_PA_2022;21/11/2022;Nido7_axy26_pichonA_21112022_S1;13;B;A;Active_Others;A_downward;443962;444108;146;57
N7_PA_2022;21/11/2022;Nido7_axy26_pichonA_21112022_S1;13;B;A;Active_Others;A_upward;444109;444436;327;58
N7_PA_2022;21/11/2022;Nido7_axy26_pichonA_21112022_S1;13;B;A;Begging;B_consp;444437;444943;506;59
N7_PA_2022;21/11/2022;Nido7_axy26_pichonA_21112022_S1;13;B;A;Active_Others;A_upward;444944;445067;123;60
N7_PA_2022;21/11/2022;Nido7_axy26_pichonA_21112022_S1;13;B;A;Active_Others;A_downward;445068;445138;70;61
N7_PA_2022;21/11/2022;Nido7_axy26_pichonA_21112022_S1;13;B;A;Active_Others;A_upward;445139;445588;449;62
N7_PA_2022;21/11/2022;Nido7_axy26_pichonA_21112022_S1;13;B;A;Begging;B_consp;445589;446159;570;63
N7_PA_2022;21/11/2022;Nido7_axy26_pichonA_21112022_S1;13;B;A;Begging;B_pause;446160;446260;100;64
N7_PA_2022;21/11/2022;Nido7_axy26_pichonA_21112022_S1;13;B;A;Begging;B_consp;446261;448315;2054;65
N7_PA_2022;21/11/2022;Nido7_axy26_pichonA_21112022_S1;13;B;A;Begging;B_pause;448316;448430;114;66
N7_PA_2022;21/11/2022;Nido7_axy26_pichonA_21112022_S1;13;B;A;Begging;B_consp;448431;449829;1398;67
N7_PA_2022;21/11/2022;Nido7_axy26_pichonA_21112022_S1;13;B;A;Begging;B_pause;449830;449958;128;68
N7_PA_2022;21/11/2022;Nido7_axy26_pichonA_21112022_S1;13;B;A;Begging;B_consp;449959;450056;97;69
N7_PA_2022;21/11/2022;Nido7_axy26_pichonA_21112022_S1;13;B;A;Begging;B_pause;450057;450154;97;70
N7_PA_2022;21/11/2022;Nido7_axy26_pichonA_21112022_S1;13;B;A;Begging;B_consp;450155;450536;381;71
N7_PA_2022;21/11/2022;Nido7_axy26_pichonA_21112022_S1;13;B;A;Active_Others;A_downward;450537;451562;1025;72
N7_PA_2022;21/11/2022;Nido7_axy26_pichonA_21112022_S1;13;B;A;Begging;B_consp;451563;452551;988;73
N7_PA_2022;21/11/2022;Nido7_axy26_pichonA_21112022_S1;13;B;A;Begging;B_pause;452552;452628;76;74
N7_PA_2022;21/11/2022;Nido7_axy26_pichonA_21112022_S1;13;B;A;Begging;B_consp;452629;453760;1131;75
N7_PA_2022;21/11/2022;Nido7_axy26_pichonA_21112022_S1;13;B;A;Begging;B_pause;453761;453862;101;76
N7_PA_2022;21/11/2022;Nido7_axy26_pichonA_21112022_S1;13;B;A;Begging;B_consp;453863;454404;541;77
N7_PA_2022;21/11/2022;Nido7_axy26_pichonA_21112022_S1;13;B;A;Active_Others;A_downward;454405;454529;124;78
N7_PA_2022;21/11/2022;Nido7_axy26_pichonA_21112022_S1;13;B;A;Begging;B_consp;454530;454738;208;79
N7_PA_2022;21/11/2022;Nido7_axy26_pichonA_21112022_S1;13;B;A;Active_Others;A_downward;454739;454775;36;80
N7_PA_2022;21/11/2022;Nido7_axy26_pichonA_21112022_S1;13;B;A;Active_Others;A_upward;454776;454935;159;81
N7_PA_2022;21/11/2022;Nido7_axy26_pichonA_21112022_S1;13;B;A;Begging;B_consp;454936;455198;262;82
N7_PA_2022;21/11/2022;Nido7_axy26_pichonA_21112022_S1;13;B;A;Active_Others;A_upward;455199;455881;682;83
N7_PA_2022;21/11/2022;Nido7_axy26_pichonA_21112022_S1;13;B;A;Begging;B_consp;455882;456708;826;84
N7_PA_2022;21/11/2022;Nido7_axy26_pichonA_21112022_S1;13;B;A;Active_Others;A_upward;456709;456959;250;85
N7_PA_2022;21/11/2022;Nido7_axy26_pichonA_21112022_S1;13;B;A;Begging;B_consp;456960;457254;294;86
N7_PA_2022;21/11/2022;Nido7_axy26_pichonA_21112022_S1;13;B;A;Active_Others;A_upward;457255;458102;847;87
N7_PA_2022;21/11/2022;Nido7_axy26_pichonA_21112022_S1;13;B;A;Begging;B_consp;458103;458379;276;88
N7_PA_2022;21/11/2022;Nido7_axy26_pichonA_21112022_S1;13;B;A;Eating;E_long;458380;458970;590;89
N7_PA_2022;21/11/2022;Nido7_axy26_pichonA_21112022_S1;13;B;A;Begging;B_consp;458971;462732;3761;90
N7_PA_2022;21/11/2022;Nido7_axy26_pichonA_21112022_S1;13;B;A;Eating;E_long;462733;463935;1202;91
N7_PA_2022;21/11/2022;Nido7_axy26_pichonA_21112022_S1;13;B;A;Active_Others;A_upward;463936;464651;715;92
N7_PA_2022;21/11/2022;Nido7_axy26_pichonA_21112022_S1;13;B;A;Begging;B_consp;464652;465104;452;93
N7_PA_2022;21/11/2022;Nido7_axy26_pichonA_21112022_S1;13;B;A;Begging;B_pause;465105;465211;106;94
N7_PA_2022;21/11/2022;Nido7_axy26_pichonA_21112022_S1;13;B;A;Begging;B_consp;465212;465853;641;95
N7_PA_2022;21/11/2022;Nido7_axy26_pichonA_21112022_S1;13;B;A;Begging;B_pause;465854;465942;88;96
N7_PA_2022;21/11/2022;Nido7_axy26_pichonA_21112022_S1;13;B;A;Begging;B_consp;465943;466955;1012;97
N7_PA_2022;21/11/2022;Nido7_axy26_pichonA_21112022_S1;13;B;A;Begging;B_pause;466956;467090;134;98
N7_PA_2022;21/11/2022;Nido7_axy26_pichonA_21112022_S1;13;B;A;Begging;B_consp;467091;467345;254;99
N7_PA_2022;21/11/2022;Nido7_axy26_pichonA_21112022_S1;13;B;A;Begging;B_pause;467346;467548;202;100
N7_PA_2022;21/11/2022;Nido7_axy26_pichonA_21112022_S1;13;B;A;Begging;B_consp;467549;472160;4611;101
N7_PA_2022;21/11/2022;Nido7_axy26_pichonA_21112022_S1;13;B;A;Begging;B_pause;472161;472326;165;102
N7_PA_2022;21/11/2022;Nido7_axy26_pichonA_21112022_S1;13;B;A;Begging;B_consp;472327;474419;2092;103
N7_PA_2022;21/11/2022;Nido7_axy26_pichonA_21112022_S1;13;B;A;Begging;B_pause;474420;474512;92;104
N7_PA_2022;21/11/2022;Nido7_axy26_pichonA_21112022_S1;13;B;A;Begging;B_consp;474513;474721;208;105
N7_PA_2022;21/11/2022;Nido7_axy26_pichonA_21112022_S1;13;B;A;Eating;E_long;474722;475477;755;106
N7_PA_2022;21/11/2022;Nido7_axy26_pichonA_21112022_S1;13;B;A;Begging;B_consp;475478;476884;1406;107
N7_PA_2022;21/11/2022;Nido7_axy26_pichonA_21112022_S1;13;B;A;Eating;E_long;476885;477746;861;108
N7_PA_2022;21/11/2022;Nido7_axy26_pichonA_21112022_S1;13;B;A;Active_Others;A_upward;477747;477876;129;109
N7_PA_2022;21/11/2022;Nido7_axy26_pichonA_21112022_S1;13;B;A;Begging;B_consp;477877;483542;5665;110
N7_PA_2022;21/11/2022;Nido7_axy26_pichonA_21112022_S1;13;B;A;Begging;B_pause;483543;483627;84;111
N7_PA_2022;21/11/2022;Nido7_axy26_pichonA_21112022_S1;13;B;A;Begging;B_consp;483628;483892;264;112
N7_PA_2022;21/11/2022;Nido7_axy26_pichonA_21112022_S1;13;B;A;Active_Others;A_downward;483893;483931;38;113
N7_PA_2022;21/11/2022;Nido7_axy26_pichonA_21112022_S1;13;B;A;Active_Others;A_shaking;483932;483958;26;114
N7_PA_2022;21/11/2022;Nido7_axy26_pichonA_21112022_S1;13;B;A;Begging;B_consp;483959;485169;1210;115
N7_PA_2022;21/11/2022;Nido7_axy26_pichonA_21112022_S1;13;B;A;Eating;E_long;485170;485491;321;116
N7_PA_2022;21/11/2022;Nido7_axy26_pichonA_21112022_S1;13;B;A;Begging;B_consp;485492;486041;549;117
N7_PA_2022;21/11/2022;Nido7_axy26_pichonA_21112022_S1;13;B;A;Active_Others;A_shaking;486042;486074;32;118
N7_PA_2022;21/11/2022;Nido7_axy26_pichonA_21112022_S1;13;B;A;Begging;B_consp;486075;487036;961;119
N7_PA_2022;21/11/2022;Nido7_axy26_pichonA_21112022_S1;13;B;A;Active_Others;A_downward;487037;487178;141;120
N7_PA_2022;21/11/2022;Nido7_axy26_pichonA_21112022_S1;13;B;A;Active_Others;A_upward;487179;487749;570;121
N7_PA_2022;21/11/2022;Nido7_axy26_pichonA_21112022_S1;13;B;A;Begging;B_consp;487750;488114;364;122
N7_PA_2022;21/11/2022;Nido7_axy26_pichonA_21112022_S1;13;B;A;Active_Others;A_upward;488115;488232;117;123
N7_PA_2022;21/11/2022;Nido7_axy26_pichonA_21112022_S1;13;B;A;Active_Others;A_shaking;488233;488266;33;124
N7_PA_2022;21/11/2022;Nido7_axy26_pichonA_21112022_S1;13;B;A;Active_Others;A_downward;488267;489622;1355;125
N7_PA_2022;21/11/2022;Nido7_axy26_pichonA_21112022_S1;13;B;A;Active_Others;A_shaking;489623;489650;27;126
N7_PA_2022;21/11/2022;Nido7_axy26_pichonA_21112022_S1;13;B;A;Active_Others;A_downward;489651;490461;810;127
N7_PA_2022;21/11/2022;Nido7_axy26_pichonA_21112022_S1;13;B;A;Active_Others;A_shaking;490462;490492;30;128
N7_PA_2022;21/11/2022;Nido7_axy26_pichonA_21112022_S1;13;B;A;Active_Others;A_downward;490493;490642;149;129
N7_PA_2022;21/11/2022;Nido7_axy26_pichonA_21112022_S1;13;B;A;Begging;B_consp;490643;490837;194;130
N7_PA_2022;21/11/2022;Nido7_axy26_pichonA_21112022_S1;13;B;A;Active_Others;A_downward;490838;491177;339;131
N7_PA_2022;21/11/2022;Nido7_axy26_pichonA_21112022_S1;13;B;A;Active_Others;A_shaking;491178;491212;34;132
N7_PA_2022;21/11/2022;Nido7_axy26_pichonA_21112022_S1;13;B;A;Active_Others;A_downward;491213;491453;240;133
N7_PA_2022;21/11/2022;Nido7_axy26_pichonA_21112022_S1;13;B;A;Active_Others;A_upward;491454;491612;158;134
N7_PA_2022;21/11/2022;Nido7_axy26_pichonA_21112022_S1;13;B;A;Begging;B_consp;491613;493032;1419;135
N7_PA_2022;21/11/2022;Nido7_axy26_pichonA_21112022_S1;13;B;A;Eating;E_long;493033;493373;340;136
N7_PA_2022;21/11/2022;Nido7_axy26_pichonA_21112022_S1;13;B;A;Begging;B_consp;493374;493585;211;137
N7_PA_2022;21/11/2022;Nido7_axy26_pichonA_21112022_S1;13;B;A;Eating;E_short;493586;493664;78;138
N7_PA_2022;21/11/2022;Nido7_axy26_pichonA_21112022_S1;13;B;A;Begging;B_consp;493665;493939;274;139
N7_PA_2022;21/11/2022;Nido7_axy26_pichonA_21112022_S1;13;B;A;Begging;B_pause;493940;494073;133;140
N7_PA_2022;21/11/2022;Nido7_axy26_pichonA_21112022_S1;13;B;A;Begging;B_consp;494074;494384;310;141
N7_PA_2022;21/11/2022;Nido7_axy26_pichonA_21112022_S1;13;B;A;Eating;E_long;494385;494846;461;142
N7_PA_2022;21/11/2022;Nido7_axy26_pichonA_21112022_S1;13;B;A;Active_Others;A_upward;494847;495343;496;143
N7_PA_2022;21/11/2022;Nido7_axy26_pichonA_21112022_S1;13;B;A;Active_Others;A_downward;495344;495430;86;144
N7_PA_2022;21/11/2022;Nido7_axy26_pichonA_21112022_S1;13;B;A;Active_Others;A_upward;495431;495499;68;145
N7_PA_2022;21/11/2022;Nido7_axy26_pichonA_21112022_S1;13;B;A;Active_Others;A_shaking;495500;495527;27;146
N7_PA_2022;21/11/2022;Nido7_axy26_pichonA_21112022_S1;13;B;A;Active_Others;A_downward;495528;495636;108;147
N7_PA_2022;21/11/2022;Nido7_axy26_pichonA_21112022_S1;13;B;A;Active_Others;A_upward;495637;496041;404;148
N7_PA_2022;21/11/2022;Nido7_axy26_pichonA_21112022_S1;13;B;A;Active_Others;A_shaking;496042;496066;24;149
N7_PA_2022;21/11/2022;Nido7_axy26_pichonA_21112022_S1;13;B;A;Active_Others;A_downward;496067;496268;201;150
N7_PA_2022;21/11/2022;Nido7_axy26_pichonA_21112022_S1;13;B;A;Active_Others;A_upward;496269;496388;119;151
N7_PA_2022;21/11/2022;Nido7_axy26_pichonA_21112022_S1;13;B;A;Active_Others;A_downward;496389;496532;143;152
N7_PA_2022;21/11/2022;Nido7_axy26_pichonA_21112022_S1;13;B;A;Active_Others;A_upward;496533;496951;418;153
N7_PA_2022;21/11/2022;Nido7_axy26_pichonA_21112022_S1;13;B;A;Active_Others;A_shaking;496952;496986;34;154
N7_PA_2022;21/11/2022;Nido7_axy26_pichonA_21112022_S1;13;B;A;Active_Others;A_upward;496987;497039;52;155
N7_PA_2022;21/11/2022;Nido7_axy26_pichonA_21112022_S1;13;B;A;Begging;B_consp;497040;497615;575;156
N7_PA_2022;21/11/2022;Nido7_axy26_pichonA_21112022_S1;13;B;A;Active_Others;A_downward;497616;498000;384;157
N7_PA_2022;21/11/2022;Nido7_axy26_pichonA_21112022_S1;13;B;A;Active_Others;A_shaking;498001;498023;22;158
N7_PA_2022;21/11/2022;Nido7_axy26_pichonA_21112022_S1;13;B;A;Begging;B_consp;498024;498807;783;159
N7_PA_2022;21/11/2022;Nido7_axy26_pichonA_21112022_S1;13;B;A;Active_Others;A_upward;498808;499516;708;160
N7_PA_2022;21/11/2022;Nido7_axy26_pichonA_21112022_S1;13;B;A;Active_Others;A_shaking;499517;499546;29;161
N7_PA_2022;21/11/2022;Nido7_axy26_pichonA_21112022_S1;13;B;A;Active_Others;A_upward;499547;499704;157;162
N7_PA_2022;21/11/2022;Nido7_axy26_pichonA_21112022_S1;13;B;A;Begging;B_consp;499705;500572;867;163
N7_PA_2022;21/11/2022;Nido7_axy26_pichonA_21112022_S1;13;B;A;Eating;E_long;500573;501749;1176;164
N7_PA_2022;21/11/2022;Nido7_axy26_pichonA_21112022_S1;13;B;A;Active_Others;A_upward;501750;502973;1223;165
N7_PA_2022;21/11/2022;Nido7_axy26_pichonA_21112022_S1;13;B;A;Active_Others;A_shaking;502974;503023;49;166
N7_PA_2022;21/11/2022;Nido7_axy26_pichonA_21112022_S1;13;B;A;Active_Others;A_upward;503024;503809;785;167
N7_PA_2022;21/11/2022;Nido7_axy26_pichonA_21112022_S1;13;B;A;Active_Others;A_shaking;503810;503885;75;168
N7_PA_2022;21/11/2022;Nido7_axy26_pichonA_21112022_S1;13;B;A;Active_Others;A_upward;503886;504597;711;169
N7_PA_2022;21/11/2022;Nido7_axy26_pichonA_21112022_S1;13;B;A;Active_Others;A_shaking;504598;504674;76;170
N7_PA_2022;21/11/2022;Nido7_axy26_pichonA_21112022_S1;13;B;A;Active_Others;A_upward;504675;505152;477;171
N7_PA_2022;21/11/2022;Nido7_axy26_pichonA_21112022_S1;13;B;A;Active_Others;A_shaking;505153;505226;73;172
N7_PA_2022;21/11/2022;Nido7_axy26_pichonA_21112022_S1;13;B;A;Active_Others;A_upward;505227;505718;491;173
N7_PA_2022;21/11/2022;Nido7_axy26_pichonA_21112022_S1;13;B;A;Active_Others;A_shaking;505719;505773;54;174
N7_PA_2022;21/11/2022;Nido7_axy26_pichonA_21112022_S1;13;B;A;Active_Others;A_upward;505774;506421;647;175
N7_PA_2022;21/11/2022;Nido7_axy26_pichonA_21112022_S1;13;B;A;Active_Others;A_shaking;506422;506463;41;176
N7_PA_2022;21/11/2022;Nido7_axy26_pichonA_21112022_S1;13;B;A;Active_Others;A_upward;506464;506927;463;177
N7_PA_2022;21/11/2022;Nido7_axy26_pichonA_21112022_S1;13;B;A;Begging;B_consp;506928;509636;2708;178
N7_PA_2022;21/11/2022;Nido7_axy26_pichonA_21112022_S1;13;B;A;Eating;E_short;509637;509818;181;179
N7_PA_2022;21/11/2022;Nido7_axy26_pichonA_21112022_S1;13;B;A;Begging;B_consp;509819;510765;946;180
N7_PA_2022;21/11/2022;Nido7_axy26_pichonA_21112022_S1;13;B;A;Begging;B_pause;510766;510929;163;181
N7_PA_2022;21/11/2022;Nido7_axy26_pichonA_21112022_S1;13;B;A;Begging;B_consp;510930;513151;2221;182
N7_PA_2022;21/11/2022;Nido7_axy26_pichonA_21112022_S1;13;B;A;Active_Others;A_upward;513152;513638;486;183
N7_PA_2022;21/11/2022;Nido7_axy26_pichonA_21112022_S1;13;B;A;Begging;B_consp;513639;515362;1723;184
N7_PA_2022;21/11/2022;Nido7_axy26_pichonA_21112022_S1;13;B;A;Eating;E_long;515363;516460;1097;185
N7_PA_2022;21/11/2022;Nido7_axy26_pichonA_21112022_S1;13;B;A;Active_Others;A_upward;516461;516986;525;186
N7_PA_2022;21/11/2022;Nido7_axy26_pichonA_21112022_S1;13;B;A;Active_Others;A_shaking;516987;517026;39;187
N7_PA_2022;21/11/2022;Nido7_axy26_pichonA_21112022_S1;13;B;A;Active_Others;A_downward;517027;517697;670;188
N7_PA_2022;21/11/2022;Nido7_axy26_pichonA_21112022_S1;13;B;A;Active_Others;A_shaking;517698;517766;68;189
N7_PA_2022;21/11/2022;Nido7_axy26_pichonA_21112022_S1;13;B;A;Active_Others;A_downward;517767;518099;332;190
N7_PA_2022;21/11/2022;Nido7_axy26_pichonA_21112022_S1;13;B;A;Active_Others;A_shaking;518100;518168;68;191
N7_PA_2022;21/11/2022;Nido7_axy26_pichonA_21112022_S1;13;B;A;Active_Others;A_downward;518169;518383;214;192
N7_PA_2022;21/11/2022;Nido7_axy26_pichonA_21112022_S1;13;B;A;Active_Others;A_shaking;518384;518416;32;193
N7_PA_2022;21/11/2022;Nido7_axy26_pichonA_21112022_S1;13;B;A;Active_Others;A_downward;518417;518774;357;194
N7_PA_2022;21/11/2022;Nido7_axy26_pichonA_21112022_S1;13;B;A;Active_Others;A_shaking;518775;518842;67;195
N7_PA_2022;21/11/2022;Nido7_axy26_pichonA_21112022_S1;13;B;A;Active_Others;A_downward;518843;519053;210;196
N7_PA_2022;21/11/2022;Nido7_axy26_pichonA_21112022_S1;13;B;A;Active_Others;A_shaking;519054;519133;79;197
N7_PA_2022;21/11/2022;Nido7_axy26_pichonA_21112022_S1;13;B;A;Active_Others;A_downward;519134;519423;289;198
N7_PA_2022;21/11/2022;Nido7_axy26_pichonA_21112022_S1;13;B;A;Active_Others;A_upward;519424;519535;111;199
N7_PA_2022;21/11/2022;Nido7_axy26_pichonA_21112022_S1;13;B;A;Active_Others;A_shaking;519536;519612;76;200
N7_PA_2022;21/11/2022;Nido7_axy26_pichonA_21112022_S1;13;B;A;Active_Others;A_downward;519613;519903;290;201
N7_PA_2022;21/11/2022;Nido7_axy26_pichonA_21112022_S1;13;B;A;Active_Others;A_shaking;519904;519967;63;202
N7_PA_2022;21/11/2022;Nido7_axy26_pichonA_21112022_S1;13;B;A;Active_Others;A_downward;519968;521132;1164;203
N7_PA_2022;21/11/2022;Nido7_axy26_pichonA_21112022_S1;13;B;A;Active_Others;A_shaking;521133;521194;61;204
N7_PA_2022;21/11/2022;Nido7_axy26_pichonA_21112022_S1;13;B;A;Active_Others;A_downward;521195;521235;40;205
N7_PA_2022;21/11/2022;Nido7_axy26_pichonA_21112022_S1;13;B;A;Active_Others;A_shaking;521236;521300;64;206
N7_PA_2022;21/11/2022;Nido7_axy26_pichonA_21112022_S1;13;B;A;Active_Others;A_downward;521301;521918;617;207
N7_PA_2022;21/11/2022;Nido7_axy26_pichonA_21112022_S1;13;B;A;Active_Others;A_shaking;521919;521986;67;208
N7_PA_2022;21/11/2022;Nido7_axy26_pichonA_21112022_S1;13;B;A;Active_Others;A_downward;521987;523165;1178;209
N7_PA_2022;21/11/2022;Nido7_axy26_pichonA_21112022_S1;13;B;A;Active_Others;A_shaking;523166;523203;37;210
N7_PA_2022;21/11/2022;Nido7_axy26_pichonA_21112022_S1;13;B;A;Active_Others;A_downward;523204;523783;579;211
N7_PA_2022;21/11/2022;Nido7_axy26_pichonA_21112022_S1;13;B;A;Active_Others;A_shaking;523784;523816;32;212
N7_PA_2022;21/11/2022;Nido7_axy26_pichonA_21112022_S1;13;B;A;Active_Others;A_downward;523817;524022;205;213
N7_PA_2022;21/11/2022;Nido7_axy26_pichonA_21112022_S1;13;B;A;Active_Others;A_shaking;524023;524076;53;214
N7_PA_2022;21/11/2022;Nido7_axy26_pichonA_21112022_S1;13;B;A;Active_Others;A_downward;524077;524353;276;215
N7_PA_2022;21/11/2022;Nido7_axy26_pichonA_21112022_S1;13;B;A;Resting;R;524354;525048;694;216
N7_PA_2022;21/11/2022;Nido7_axy26_pichonA_21112022_S1;13;B;A;Active_Others;A_shaking;525049;525111;62;217
N7_PA_2022;21/11/2022;Nido7_axy26_pichonA_21112022_S1;13;B;A;Active_Others;A_downward;525112;525629;517;218
N7_PA_2022;21/11/2022;Nido7_axy26_pichonA_21112022_S1;13;B;A;Active_Others;A_shaking;525630;525669;39;219
N7_PA_2022;21/11/2022;Nido7_axy26_pichonA_21112022_S1;13;B;A;Active_Others;A_upward;525670;525854;184;220
N7_PA_2022;21/11/2022;Nido7_axy26_pichonA_21112022_S1;13;B;A;Active_Others;A_shaking;525855;525889;34;221
N7_PA_2022;21/11/2022;Nido7_axy26_pichonA_21112022_S1;13;B;A;Active_Others;A_upward;525890;526677;787;222
N7_PA_2022;21/11/2022;Nido7_axy26_pichonA_21112022_S1;13;B;A;Active_Others;A_downward;526678;527516;838;223
N7_PA_2022;21/11/2022;Nido7_axy26_pichonA_21112022_S1;13;B;A;Active_Others;A_shaking;527517;527597;80;224
N7_PA_2022;21/11/2022;Nido7_axy26_pichonA_21112022_S1;13;B;A;Active_Others;A_downward;527598;528498;900;225
N7_PA_2022;21/11/2022;Nido7_axy26_pichonA_21112022_S1;13;B;A;Active_Others;A_shaking;528499;528575;76;226
N7_PA_2022;21/11/2022;Nido7_axy26_pichonA_21112022_S1;13;B;A;Active_Others;A_downward;528576;529030;454;227
N7_PA_2022;21/11/2022;Nido7_axy26_pichonA_21112022_S1;13;B;A;Active_Others;A_shaking;529031;529094;63;228
N7_PA_2022;21/11/2022;Nido7_axy26_pichonA_21112022_S1;13;B;A;Active_Others;A_downward;529095;529756;661;229
N7_PA_2022;21/11/2022;Nido7_axy26_pichonA_21112022_S1;13;B;A;Active_Others;A_shaking;529757;529843;86;230
N7_PA_2022;21/11/2022;Nido7_axy26_pichonA_21112022_S1;13;B;A;Active_Others;A_downward;529844;530365;521;231
N7_PA_2022;21/11/2022;Nido7_axy26_pichonA_21112022_S1;13;B;A;Active_Others;A_upward;530366;530684;318;232
N7_PA_2022;21/11/2022;Nido7_axy26_pichonA_21112022_S1;13;B;A;Active_Others;A_downward;530685;530964;279;233
N7_PA_2022;21/11/2022;Nido7_axy26_pichonA_21112022_S1;13;B;A;Active_Others;A_shaking;530965;531033;68;234
N7_PA_2022;21/11/2022;Nido7_axy26_pichonA_21112022_S1;13;B;A;Active_Others;A_downward;531034;533020;1986;235
N7_PA_2022;21/11/2022;Nido7_axy26_pichonA_21112022_S1;13;B;A;Active_Others;A_upward;533021;533410;389;236
N7_PA_2022;21/11/2022;Nido7_axy26_pichonA_21112022_S1;13;B;A;Active_Others;A_downward;533411;534583;1172;237
N7_PA_2022;21/11/2022;Nido7_axy26_pichonA_21112022_S1;13;B;A;Resting;R;534584;535864;1280;238
N7_PA_2022;21/11/2022;Nido7_axy26_pichonA_21112022_S1;13;B;A;Active_Others;A_downward;535865;536155;290;239
N7_PA_2022;21/11/2022;Nido7_axy26_pichonA_21112022_S1;13;B;A;Resting;R;536156;536473;317;240
N7_PA_2022;21/11/2022;Nido7_axy26_pichonA_21112022_S1;13;B;A;Active_Others;A_downward;536474;537939;1465;241
N7_PA_2022;21/11/2022;Nido7_axy26_pichonA_21112022_S1;13;B;A;Active_Others;A_shaking;537940;537995;55;242
N7_PA_2022;21/11/2022;Nido7_axy26_pichonA_21112022_S1;13;B;A;Active_Others;A_downward;537996;539091;1095;243
N7_PA_2022;21/11/2022;Nido7_axy26_pichonA_21112022_S1;13;B;A;Resting;R;539092;540167;1075;244
N7_PA_2022;21/11/2022;Nido7_axy26_pichonA_21112022_S1;13;B;A;Active_Others;A_downward;540168;541332;1164;245
N7_PA_2022;21/11/2022;Nido7_axy26_pichonA_21112022_S1;13;B;A;Resting;R;541333;542211;878;246
N7_PA_2022;21/11/2022;Nido7_axy26_pichonA_21112022_S1;13;B;A;Active_Others;A_downward;542212;543734;1522;247
N7_PA_2022;21/11/2022;Nido7_axy26_pichonA_21112022_S1;13;B;A;Active_Others;A_shaking;543735;543813;78;248
N7_PA_2022;21/11/2022;Nido7_axy26_pichonA_21112022_S1;13;B;A;Active_Others;A_downward;543814;543866;52;249
N7_PA_2022;21/11/2022;Nido7_axy26_pichonA_21112022_S1;13;B;A;Active_Others;A_shaking;543867;543964;97;250
N7_PA_2022;21/11/2022;Nido7_axy26_pichonA_21112022_S1;13;B;A;Active_Others;A_downward;543965;544240;275;251
N7_PA_2022;21/11/2022;Nido7_axy26_pichonA_21112022_S1;13;B;A;Active_Others;A_upward;544241;544373;132;252
N7_PA_2022;21/11/2022;Nido7_axy26_pichonA_21112022_S1;13;B;A;Active_Others;A_downward;544374;545145;771;253
N7_PA_2022;21/11/2022;Nido7_axy26_pichonA_21112022_S1;13;B;A;Active_Others;A_shaking;545146;545219;73;254
N7_PA_2022;21/11/2022;Nido7_axy26_pichonA_21112022_S1;13;B;A;Active_Others;A_downward;545220;545638;418;255
N7_PA_2022;21/11/2022;Nido7_axy26_pichonA_21112022_S1;13;B;A;Active_Others;A_shaking;545639;545668;29;256
N7_PA_2022;21/11/2022;Nido7_axy26_pichonA_21112022_S1;13;B;A;Active_Others;A_downward;545669;545974;305;257
N7_PA_2022;21/11/2022;Nido7_axy26_pichonA_21112022_S1;13;B;A;Active_Others;A_upward;545975;546939;964;258
N7_PA_2022;21/11/2022;Nido7_axy26_pichonA_21112022_S1;13;B;A;Active_Others;A_shaking;546940;547022;82;259
N7_PA_2022;21/11/2022;Nido7_axy26_pichonA_21112022_S1;13;B;A;Active_Others;A_upward;547023;547145;122;260
N7_PA_2022;21/11/2022;Nido7_axy26_pichonA_21112022_S1;13;B;A;Active_Others;A_downward;547146;548165;1019;261
N7_PA_2022;21/11/2022;Nido7_axy26_pichonA_21112022_S1;13;B;A;Active_Others;A_shaking;548166;548226;60;262
N7_PA_2022;21/11/2022;Nido7_axy26_pichonA_21112022_S1;13;B;A;Active_Others;A_downward;548227;549048;821;263
N7_PA_2022;21/11/2022;Nido7_axy26_pichonA_21112022_S1;13;B;A;Active_Others;A_shaking;549049;549081;32;264
N7_PA_2022;21/11/2022;Nido7_axy26_pichonA_21112022_S1;13;B;A;Active_Others;A_downward;549082;549173;91;265
N7_PA_2022;21/11/2022;Nido7_axy26_pichonA_21112022_S1;13;B;A;Active_Others;A_upward;549174;549326;152;266
N7_PA_2022;21/11/2022;Nido7_axy26_pichonA_21112022_S1;13;B;A;Resting;R;549327;550320;993;267
N7_PA_2022;21/11/2022;Nido7_axy26_pichonA_21112022_S1;13;B;A;Active_Others;A_shaking;550321;550395;74;268
N7_PA_2022;21/11/2022;Nido7_axy26_pichonA_21112022_S1;13;B;A;Resting;R;550396;551358;962;269
N7_PA_2022;21/11/2022;Nido7_axy26_pichonA_21112022_S1;13;B;A;Active_Others;A_shaking;551359;551434;75;270
N7_PA_2022;21/11/2022;Nido7_axy26_pichonA_21112022_S1;13;B;A;Active_Others;A_downward;551435;551958;523;271
N7_PA_2022;21/11/2022;Nido7_axy26_pichonA_21112022_S1;13;B;A;Active_Others;A_shaking;551959;552008;49;272
N7_PA_2022;21/11/2022;Nido7_axy26_pichonA_21112022_S1;13;B;A;Active_Others;A_downward;552009;552529;520;273
N7_PA_2022;21/11/2022;Nido7_axy26_pichonA_21112022_S1;13;B;A;Active_Others;A_shaking;552530;552590;60;274
N7_PA_2022;21/11/2022;Nido7_axy26_pichonA_21112022_S1;13;B;A;Active_Others;A_upward;552591;552609;18;275
N7_PA_2022;21/11/2022;Nido7_axy26_pichonA_21112022_S1;13;B;A;Active_Others;A_shaking;552610;552637;27;276
N7_PA_2022;21/11/2022;Nido7_axy26_pichonA_21112022_S1;13;B;A;Active_Others;A_downward;552638;553142;504;277
N7_PA_2022;21/11/2022;Nido7_axy26_pichonA_21112022_S1;13;B;A;Active_Others;A_shaking;553143;553211;68;278
N7_PA_2022;21/11/2022;Nido7_axy26_pichonA_21112022_S1;13;B;A;Active_Others;A_downward;553212;554518;1306;279
N7_PA_2022;21/11/2022;Nido7_axy26_pichonA_21112022_S1;13;B;A;Active_Others;A_shaking;554519;554575;56;280
N7_PA_2022;21/11/2022;Nido7_axy26_pichonA_21112022_S1;13;B;A;Begging;B_consp;554576;556242;1666;281
N7_PB_2022;21/11/2024;Nido7_axy33_pichonB_21112022_S1;11;B;B;Begging;B_consp;404276;420498;16222;1
N7_PB_2022;21/11/2024;Nido7_axy33_pichonB_21112022_S1;11;B;B;Begging;B_pause;420499;420638;139;2
N7_PB_2022;21/11/2024;Nido7_axy33_pichonB_21112022_S1;11;B;B;Begging;B_consp;420639;421997;1358;3
N7_PB_2022;21/11/2024;Nido7_axy33_pichonB_21112022_S1;11;B;B;Begging;B_pause;421998;422075;77;4
N7_PB_2022;21/11/2024;Nido7_axy33_pichonB_21112022_S1;11;B;B;Begging;B_consp;422076;425765;3689;5
N7_PB_2022;21/11/2024;Nido7_axy33_pichonB_21112022_S1;11;B;B;Active_Others;A_downward;425766;427520;1754;6
N7_PB_2022;21/11/2024;Nido7_axy33_pichonB_21112022_S1;11;B;B;Begging;B_consp;427521;428593;1072;7
N7_PB_2022;21/11/2024;Nido7_axy33_pichonB_21112022_S1;11;B;B;Begging;B_pause;428594;428794;200;8
N7_PB_2022;21/11/2024;Nido7_axy33_pichonB_21112022_S1;11;B;B;Begging;B_consp;428795;429296;501;9
N7_PB_2022;21/11/2024;Nido7_axy33_pichonB_21112022_S1;11;B;B;Active_Others;A_downward;429297;430506;1209;10
N7_PB_2022;21/11/2024;Nido7_axy33_pichonB_21112022_S1;11;B;B;Begging;B_consp;430507;431652;1145;11
N7_PB_2022;21/11/2024;Nido7_axy33_pichonB_21112022_S1;11;B;B;Eating;E_long;431653;432070;417;12
N7_PB_2022;21/11/2024;Nido7_axy33_pichonB_21112022_S1;11;B;B;Begging;B_consp;432071;437415;5344;13
N7_PB_2022;21/11/2024;Nido7_axy33_pichonB_21112022_S1;11;B;B;Begging;B_pause;437416;437487;71;14
N7_PB_2022;21/11/2024;Nido7_axy33_pichonB_21112022_S1;11;B;B;Begging;B_consp;437488;439143;1655;15
N7_PB_2022;21/11/2024;Nido7_axy33_pichonB_21112022_S1;11;B;B;Begging;B_pause;439144;439175;31;16
N7_PB_2022;21/11/2024;Nido7_axy33_pichonB_21112022_S1;11;B;B;Begging;B_consp;439176;443628;4452;17
N7_PB_2022;21/11/2024;Nido7_axy33_pichonB_21112022_S1;11;B;B;Begging;B_pause;443629;443688;59;18
N7_PB_2022;21/11/2024;Nido7_axy33_pichonB_21112022_S1;11;B;B;Begging;B_consp;443689;446022;2333;19
N7_PB_2022;21/11/2024;Nido7_axy33_pichonB_21112022_S1;11;B;B;Begging;B_pause;446023;446263;240;20
N7_PB_2022;21/11/2024;Nido7_axy33_pichonB_21112022_S1;11;B;B;Begging;B_consp;446264;449356;3092;21
N7_PB_2022;21/11/2024;Nido7_axy33_pichonB_21112022_S1;11;B;B;Active_Others;A_downward;449357;450332;975;22
N7_PB_2022;21/11/2024;Nido7_axy33_pichonB_21112022_S1;11;B;B;Begging;B_consp;450333;451255;922;23
N7_PB_2022;21/11/2024;Nido7_axy33_pichonB_21112022_S1;11;B;B;Begging;B_pause;451256;451759;503;24
N7_PB_2022;21/11/2024;Nido7_axy33_pichonB_21112022_S1;11;B;B;Begging;B_consp;451760;459104;7344;25
N7_PB_2022;21/11/2024;Nido7_axy33_pichonB_21112022_S1;11;B;B;Begging;B_pause;459105;459183;78;26
N7_PB_2022;21/11/2024;Nido7_axy33_pichonB_21112022_S1;11;B;B;Begging;B_consp;459184;461482;2298;27
N7_PB_2022;21/11/2024;Nido7_axy33_pichonB_21112022_S1;11;B;B;Begging;B_pause;461483;461799;316;28
N7_PB_2022;21/11/2024;Nido7_axy33_pichonB_21112022_S1;11;B;B;Begging;B_consp;461800;462325;525;29
N7_PB_2022;21/11/2024;Nido7_axy33_pichonB_21112022_S1;11;B;B;Active_Others;A_upward;462326;462953;627;30
N7_PB_2022;21/11/2024;Nido7_axy33_pichonB_21112022_S1;11;B;B;Begging;B_consp;462954;463598;644;31
N7_PB_2022;21/11/2024;Nido7_axy33_pichonB_21112022_S1;11;B;B;Active_Others;A_downward;463599;463854;255;32
N7_PB_2022;21/11/2024;Nido7_axy33_pichonB_21112022_S1;11;B;B;Begging;B_consp;463855;464594;739;33
N7_PB_2022;21/11/2024;Nido7_axy33_pichonB_21112022_S1;11;B;B;Begging;B_pause;464595;464738;143;34
N7_PB_2022;21/11/2024;Nido7_axy33_pichonB_21112022_S1;11;B;B;Begging;B_consp;464739;465527;788;35
N7_PB_2022;21/11/2024;Nido7_axy33_pichonB_21112022_S1;11;B;B;Active_Others;A_downward;465528;467539;2011;36
N7_PB_2022;21/11/2024;Nido7_axy33_pichonB_21112022_S1;11;B;B;Begging;B_consp;467540;468247;707;37
N7_PB_2022;21/11/2024;Nido7_axy33_pichonB_21112022_S1;11;B;B;Active_Others;A_downward;468248;469156;908;38
N7_PB_2022;21/11/2024;Nido7_axy33_pichonB_21112022_S1;11;B;B;Begging;B_consp;469157;469837;680;39
N7_PB_2022;21/11/2024;Nido7_axy33_pichonB_21112022_S1;11;B;B;Active_Others;A_downward;469838;471592;1754;40
N7_PB_2022;21/11/2024;Nido7_axy33_pichonB_21112022_S1;11;B;B;Begging;B_consp;471593;472246;653;41
N7_PB_2022;21/11/2024;Nido7_axy33_pichonB_21112022_S1;11;B;B;Active_Others;A_downward;472247;473002;755;42
N7_PB_2022;21/11/2024;Nido7_axy33_pichonB_21112022_S1;11;B;B;Begging;B_consp;473003;473193;190;43
N7_PB_2022;21/11/2024;Nido7_axy33_pichonB_21112022_S1;11;B;B;Active_Others;A_downward;473194;473564;370;44
N7_PB_2022;21/11/2024;Nido7_axy33_pichonB_21112022_S1;11;B;B;Begging;B_consp;473565;476342;2777;45
N7_PB_2022;21/11/2024;Nido7_axy33_pichonB_21112022_S1;11;B;B;Eating;E_long;476343;477718;1375;46
N7_PB_2022;21/11/2024;Nido7_axy33_pichonB_21112022_S1;11;B;B;Active_Others;A_upward;477719;477795;76;47
N7_PB_2022;21/11/2024;Nido7_axy33_pichonB_21112022_S1;11;B;B;Begging;B_consp;477796;479757;1961;48
N7_PB_2022;21/11/2024;Nido7_axy33_pichonB_21112022_S1;11;B;B;Eating;E_long;479758;480591;833;49
N7_PB_2022;21/11/2024;Nido7_axy33_pichonB_21112022_S1;11;B;B;Begging;B_consp;480592;483044;2452;50
N7_PB_2022;21/11/2024;Nido7_axy33_pichonB_21112022_S1;11;B;B;Active_Others;A_downward;483045;484160;1115;51
N7_PB_2022;21/11/2024;Nido7_axy33_pichonB_21112022_S1;11;B;B;Active_Others;A_upward;484161;484478;317;52
N7_PB_2022;21/11/2024;Nido7_axy33_pichonB_21112022_S1;11;B;B;Active_Others;A_shaking;484479;484571;92;53
N7_PB_2022;21/11/2024;Nido7_axy33_pichonB_21112022_S1;11;B;B;Active_Others;A_upward;484572;485383;811;54
N7_PB_2022;21/11/2024;Nido7_axy33_pichonB_21112022_S1;11;B;B;Begging;B_consp;485384;492056;6672;55
N7_PB_2022;21/11/2024;Nido7_axy33_pichonB_21112022_S1;11;B;B;Begging;B_pause;492057;492195;138;56
N7_PB_2022;21/11/2024;Nido7_axy33_pichonB_21112022_S1;11;B;B;Begging;B_consp;492196;492509;313;57
N7_PB_2022;21/11/2024;Nido7_axy33_pichonB_21112022_S1;11;B;B;Active_Others;A_downward;492510;492907;397;58
N7_PB_2022;21/11/2024;Nido7_axy33_pichonB_21112022_S1;11;B;B;Begging;B_consp;492908;495706;2798;59
N7_PB_2022;21/11/2024;Nido7_axy33_pichonB_21112022_S1;11;B;B;Eating;E_long;495707;496642;935;60
N7_PB_2022;21/11/2024;Nido7_axy33_pichonB_21112022_S1;11;B;B;Active_Others;A_upward;496643;496859;216;61
N7_PB_2022;21/11/2024;Nido7_axy33_pichonB_21112022_S1;11;B;B;Active_Others;A_shaking;496860;496903;43;62
N7_PB_2022;21/11/2024;Nido7_axy33_pichonB_21112022_S1;11;B;B;Active_Others;A_upward;496904;497611;707;63
N7_PB_2022;21/11/2024;Nido7_axy33_pichonB_21112022_S1;11;B;B;Active_Others;A_downward;497612;497743;131;64
N7_PB_2022;21/11/2024;Nido7_axy33_pichonB_21112022_S1;11;B;B;Active_Others;A_upward;497744;497937;193;65
N7_PB_2022;21/11/2024;Nido7_axy33_pichonB_21112022_S1;11;B;B;Active_Others;A_downward;497938;497997;59;66
N7_PB_2022;21/11/2024;Nido7_axy33_pichonB_21112022_S1;11;B;B;Active_Others;A_upward;497998;499003;1005;67
N7_PB_2022;21/11/2024;Nido7_axy33_pichonB_21112022_S1;11;B;B;Active_Others;A_shaking;499004;499071;67;68
N7_PB_2022;21/11/2024;Nido7_axy33_pichonB_21112022_S1;11;B;B;Active_Others;A_upward;499072;499898;826;69
N7_PB_2022;21/11/2024;Nido7_axy33_pichonB_21112022_S1;11;B;B;Active_Others;A_shaking;499899;499964;65;70
N7_PB_2022;21/11/2024;Nido7_axy33_pichonB_21112022_S1;11;B;B;Active_Others;A_downward;499965;500730;765;71
N7_PB_2022;21/11/2024;Nido7_axy33_pichonB_21112022_S1;11;B;B;Active_Others;A_upward;500731;500886;155;72
N7_PB_2022;21/11/2024;Nido7_axy33_pichonB_21112022_S1;11;B;B;Active_Others;A_shaking;500887;500934;47;73
N7_PB_2022;21/11/2024;Nido7_axy33_pichonB_21112022_S1;11;B;B;Active_Others;A_upward;500935;501447;512;74
N7_PB_2022;21/11/2024;Nido7_axy33_pichonB_21112022_S1;11;B;B;Active_Others;A_downward;501448;501819;371;75
N7_PB_2022;21/11/2024;Nido7_axy33_pichonB_21112022_S1;11;B;B;Active_Others;A_upward;501820;503133;1313;76
N7_PB_2022;21/11/2024;Nido7_axy33_pichonB_21112022_S1;11;B;B;Active_Others;A_shaking;503134;503206;72;77
N7_PB_2022;21/11/2024;Nido7_axy33_pichonB_21112022_S1;11;B;B;Active_Others;A_downward;503207;503622;415;78
N7_PB_2022;21/11/2024;Nido7_axy33_pichonB_21112022_S1;11;B;B;Active_Others;A_upward;503623;503783;160;79
N7_PB_2022;21/11/2024;Nido7_axy33_pichonB_21112022_S1;11;B;B;Active_Others;A_shaking;503784;503815;31;80
N7_PB_2022;21/11/2024;Nido7_axy33_pichonB_21112022_S1;11;B;B;Active_Others;A_upward;503816;504282;466;81
N7_PB_2022;21/11/2024;Nido7_axy33_pichonB_21112022_S1;11;B;B;Active_Others;A_downward;504283;504556;273;82
N7_PB_2022;21/11/2024;Nido7_axy33_pichonB_21112022_S1;11;B;B;Active_Others;A_upward;504557;505428;871;83
N7_PB_2022;21/11/2024;Nido7_axy33_pichonB_21112022_S1;11;B;B;Active_Others;A_downward;505429;506382;953;84
N7_PB_2022;21/11/2024;Nido7_axy33_pichonB_21112022_S1;11;B;B;Active_Others;A_upward;506383;507196;813;85
N7_PB_2022;21/11/2024;Nido7_axy33_pichonB_21112022_S1;11;B;B;Active_Others;A_downward;507197;507349;152;86
N7_PB_2022;21/11/2024;Nido7_axy33_pichonB_21112022_S1;11;B;B;Active_Others;A_shaking;507350;507405;55;87
N7_PB_2022;21/11/2024;Nido7_axy33_pichonB_21112022_S1;11;B;B;Active_Others;A_upward;507406;508637;1231;88
N7_PB_2022;21/11/2024;Nido7_axy33_pichonB_21112022_S1;11;B;B;Active_Others;A_downward;508638;508802;164;89
N7_PB_2022;21/11/2024;Nido7_axy33_pichonB_21112022_S1;11;B;B;Active_Others;A_upward;508803;508866;63;90
N7_PB_2022;21/11/2024;Nido7_axy33_pichonB_21112022_S1;11;B;B;Active_Others;A_downward;508867;509002;135;91
N7_PB_2022;21/11/2024;Nido7_axy33_pichonB_21112022_S1;11;B;B;Active_Others;A_upward;509003;509234;231;92
N7_PB_2022;21/11/2024;Nido7_axy33_pichonB_21112022_S1;11;B;B;Active_Others;A_downward;509235;509553;318;93
N7_PB_2022;21/11/2024;Nido7_axy33_pichonB_21112022_S1;11;B;B;Active_Others;A_upward;509554;510336;782;94
N7_PB_2022;21/11/2024;Nido7_axy33_pichonB_21112022_S1;11;B;B;Active_Others;A_downward;510337;511190;853;95
N7_PB_2022;21/11/2024;Nido7_axy33_pichonB_21112022_S1;11;B;B;Active_Others;A_shaking;511191;511216;25;96
N7_PB_2022;21/11/2024;Nido7_axy33_pichonB_21112022_S1;11;B;B;Active_Others;A_downward;511217;512076;859;97
N7_PB_2022;21/11/2024;Nido7_axy33_pichonB_21112022_S1;11;B;B;Active_Others;A_upward;512077;512324;247;98
N7_PB_2022;21/11/2024;Nido7_axy33_pichonB_21112022_S1;11;B;B;Active_Others;A_downward;512325;512917;592;99
N7_PB_2022;21/11/2024;Nido7_axy33_pichonB_21112022_S1;11;B;B;Active_Others;A_upward;512918;513189;271;100
N7_PB_2022;21/11/2024;Nido7_axy33_pichonB_21112022_S1;11;B;B;Active_Others;A_downward;513190;513511;321;101
N7_PB_2022;21/11/2024;Nido7_axy33_pichonB_21112022_S1;11;B;B;Active_Others;A_upward;513512;513873;361;102
N7_PB_2022;21/11/2024;Nido7_axy33_pichonB_21112022_S1;11;B;B;Active_Others;A_downward;513874;514474;600;103
N7_PB_2022;21/11/2024;Nido7_axy33_pichonB_21112022_S1;11;B;B;Active_Others;A_shaking;514475;514507;32;104
N7_PB_2022;21/11/2024;Nido7_axy33_pichonB_21112022_S1;11;B;B;Active_Others;A_downward;514508;514587;79;105
N7_PB_2022;21/11/2024;Nido7_axy33_pichonB_21112022_S1;11;B;B;Active_Others;A_shaking;514588;514610;22;106
N7_PB_2022;21/11/2024;Nido7_axy33_pichonB_21112022_S1;11;B;B;Active_Others;A_downward;514611;515135;524;107
N7_PB_2022;21/11/2024;Nido7_axy33_pichonB_21112022_S1;11;B;B;Active_Others;A_shaking;515136;515182;46;108
N7_PB_2022;21/11/2024;Nido7_axy33_pichonB_21112022_S1;11;B;B;Active_Others;A_downward;515183;515910;727;109
N7_PB_2022;21/11/2024;Nido7_axy33_pichonB_21112022_S1;11;B;B;Active_Others;A_shaking;515911;515979;68;110
N7_PB_2022;21/11/2024;Nido7_axy33_pichonB_21112022_S1;11;B;B;Active_Others;A_downward;515980;516606;626;111
N7_PB_2022;21/11/2024;Nido7_axy33_pichonB_21112022_S1;11;B;B;Active_Others;A_shaking;516607;516665;58;112
N7_PB_2022;21/11/2024;Nido7_axy33_pichonB_21112022_S1;11;B;B;Active_Others;A_downward;516666;516930;264;113
N7_PB_2022;21/11/2024;Nido7_axy33_pichonB_21112022_S1;11;B;B;Resting;R;516931;517511;580;114
N7_PB_2022;21/11/2024;Nido7_axy33_pichonB_21112022_S1;11;B;B;Active_Others;A_downward;517512;518025;513;115
N7_PB_2022;21/11/2024;Nido7_axy33_pichonB_21112022_S1;11;B;B;Active_Others;A_shaking;518026;518073;47;116
N7_PB_2022;21/11/2024;Nido7_axy33_pichonB_21112022_S1;11;B;B;Active_Others;A_downward;518074;518303;229;117
N7_PB_2022;21/11/2024;Nido7_axy33_pichonB_21112022_S1;11;B;B;Active_Others;A_shaking;518304;518380;76;118
N7_PB_2022;21/11/2024;Nido7_axy33_pichonB_21112022_S1;11;B;B;Active_Others;A_upward;518381;520341;1960;119
N7_PB_2022;21/11/2024;Nido7_axy33_pichonB_21112022_S1;11;B;B;Active_Others;A_shaking;520342;520385;43;120
N7_PB_2022;21/11/2024;Nido7_axy33_pichonB_21112022_S1;11;B;B;Active_Others;A_upward;520386;520686;300;121
N7_PB_2022;21/11/2024;Nido7_axy33_pichonB_21112022_S1;11;B;B;Active_Others;A_downward;520687;522990;2303;122
N7_PB_2022;21/11/2024;Nido7_axy33_pichonB_21112022_S1;11;B;B;Active_Others;A_upward;522991;523398;407;123
N7_PB_2022;21/11/2024;Nido7_axy33_pichonB_21112022_S1;11;B;B;Resting;R;523399;525297;1898;124
N7_PB_2022;21/11/2024;Nido7_axy33_pichonB_21112022_S1;11;B;B;Active_Others;A_downward;525298;525566;268;125
N7_PB_2022;21/11/2024;Nido7_axy33_pichonB_21112022_S1;11;B;B;Resting;R;525567;532236;6669;126
N7_PB_2022;21/11/2024;Nido7_axy33_pichonB_21112022_S1;11;B;B;Active_Others;A_downward;532237;532758;521;127
N7_PB_2022;21/11/2024;Nido7_axy33_pichonB_21112022_S1;11;B;B;Active_Others;A_upward;532759;533530;771;128
N7_PB_2022;21/11/2024;Nido7_axy33_pichonB_21112022_S1;11;B;B;Active_Others;A_downward;533531;534664;1133;129
N7_PB_2022;21/11/2024;Nido7_axy33_pichonB_21112022_S1;11;B;B;Active_Others;A_upward;534665;537494;2829;130
N7_PB_2022;21/11/2024;Nido7_axy33_pichonB_21112022_S1;11;B;B;Active_Others;A_downward;537495;538117;622;131
N7_PB_2022;21/11/2024;Nido7_axy33_pichonB_21112022_S1;11;B;B;Resting;R;538118;540921;2803;132
N7_PB_2022;21/11/2024;Nido7_axy33_pichonB_21112022_S1;11;B;B;Active_Others;A_upward;540922;541376;454;133
N8_PA_2022;21/11/2022;Nido8_axy30_pichonA_21112022_S1;16;C;A;Active_Others;A_shaking;402630;402699;69;1
N8_PA_2022;21/11/2022;Nido8_axy30_pichonA_21112022_S1;16;C;A;Active_Others;A_downward;402700;402774;74;2
N8_PA_2022;21/11/2022;Nido8_axy30_pichonA_21112022_S1;16;C;A;Begging;B_consp;402775;405490;2715;3
N8_PA_2022;21/11/2022;Nido8_axy30_pichonA_21112022_S1;16;C;A;Eating;E_long;405491;405918;427;4
N8_PA_2022;21/11/2022;Nido8_axy30_pichonA_21112022_S1;16;C;A;Active_Others;A_upward;405919;405966;47;5
N8_PA_2022;21/11/2022;Nido8_axy30_pichonA_21112022_S1;16;C;A;Eating;E_long;405967;406058;91;6
N8_PA_2022;21/11/2022;Nido8_axy30_pichonA_21112022_S1;16;C;A;Begging;B_consp;406059;408395;2336;7
N8_PA_2022;21/11/2022;Nido8_axy30_pichonA_21112022_S1;16;C;A;Eating;E_long;408396;409526;1130;8
N8_PA_2022;21/11/2022;Nido8_axy30_pichonA_21112022_S1;16;C;A;Active_Others;A_upward;409527;409917;390;9
N8_PA_2022;21/11/2022;Nido8_axy30_pichonA_21112022_S1;16;C;A;Active_Others;A_downward;409918;410148;230;10
N8_PA_2022;21/11/2022;Nido8_axy30_pichonA_21112022_S1;16;C;A;Active_Others;A_upward;410149;410847;698;11
N8_PA_2022;21/11/2022;Nido8_axy30_pichonA_21112022_S1;16;C;A;Active_Others;A_downward;410848;410995;147;12
N8_PA_2022;21/11/2022;Nido8_axy30_pichonA_21112022_S1;16;C;A;Begging;B_consp;410996;411542;546;13
N8_PA_2022;21/11/2022;Nido8_axy30_pichonA_21112022_S1;16;C;A;Begging;B_pause;411543;411591;48;14
N8_PA_2022;21/11/2022;Nido8_axy30_pichonA_21112022_S1;16;C;A;Begging;B_consp;411592;415119;3527;15
N8_PA_2022;21/11/2022;Nido8_axy30_pichonA_21112022_S1;16;C;A;Eating;E_long;415120;415908;788;16
N8_PA_2022;21/11/2022;Nido8_axy30_pichonA_21112022_S1;16;C;A;Active_Others;A_downward;415909;415961;52;17
N8_PA_2022;21/11/2022;Nido8_axy30_pichonA_21112022_S1;16;C;A;Begging;B_consp;415962;417164;1202;18
N8_PA_2022;21/11/2022;Nido8_axy30_pichonA_21112022_S1;16;C;A;Begging;B_pause;417165;417191;26;19
N8_PA_2022;21/11/2022;Nido8_axy30_pichonA_21112022_S1;16;C;A;Begging;B_consp;417192;418768;1576;20
N8_PA_2022;21/11/2022;Nido8_axy30_pichonA_21112022_S1;16;C;A;Eating;E_long;418769;419442;673;21
N8_PA_2022;21/11/2022;Nido8_axy30_pichonA_21112022_S1;16;C;A;Begging;B_consp;419443;419855;412;22
N8_PA_2022;21/11/2022;Nido8_axy30_pichonA_21112022_S1;16;C;A;Begging;B_pause;419856;419910;54;23
N8_PA_2022;21/11/2022;Nido8_axy30_pichonA_21112022_S1;16;C;A;Begging;B_consp;419911;424729;4818;24
N8_PA_2022;21/11/2022;Nido8_axy30_pichonA_21112022_S1;16;C;A;Eating;E_long;424730;426224;1494;25
N8_PA_2022;21/11/2022;Nido8_axy30_pichonA_21112022_S1;16;C;A;Begging;B_consp;426225;426802;577;26
N8_PA_2022;21/11/2022;Nido8_axy30_pichonA_21112022_S1;16;C;A;Active_Others;A_upward;426803;426920;117;27
N8_PA_2022;21/11/2022;Nido8_axy30_pichonA_21112022_S1;16;C;A;Active_Others;A_downward;426921;427202;281;28
N8_PA_2022;21/11/2022;Nido8_axy30_pichonA_21112022_S1;16;C;A;Active_Others;A_upward;427203;427775;572;29
N8_PA_2022;21/11/2022;Nido8_axy30_pichonA_21112022_S1;16;C;A;Active_Others;A_shaking;427776;427844;68;30
N8_PA_2022;21/11/2022;Nido8_axy30_pichonA_21112022_S1;16;C;A;Active_Others;A_upward;427845;428420;575;31
N8_PA_2022;21/11/2022;Nido8_axy30_pichonA_21112022_S1;16;C;A;Active_Others;A_shaking;428421;428508;87;32
N8_PA_2022;21/11/2022;Nido8_axy30_pichonA_21112022_S1;16;C;A;Active_Others;A_upward;428509;429229;720;33
N8_PA_2022;21/11/2022;Nido8_axy30_pichonA_21112022_S1;16;C;A;Active_Others;A_downward;429230;429414;184;34
N8_PA_2022;21/11/2022;Nido8_axy30_pichonA_21112022_S1;16;C;A;Active_Others;A_upward;429415;429478;63;35
N8_PA_2022;21/11/2022;Nido8_axy30_pichonA_21112022_S1;16;C;A;Active_Others;A_shaking;429479;429549;70;36
N8_PA_2022;21/11/2022;Nido8_axy30_pichonA_21112022_S1;16;C;A;Active_Others;A_upward;429550;429623;73;37
N8_PA_2022;21/11/2022;Nido8_axy30_pichonA_21112022_S1;16;C;A;Active_Others;A_shaking;429624;429680;56;38
N8_PA_2022;21/11/2022;Nido8_axy30_pichonA_21112022_S1;16;C;A;Active_Others;A_upward;429681;429806;125;39
N8_PA_2022;21/11/2022;Nido8_axy30_pichonA_21112022_S1;16;C;A;Active_Others;A_downward;429807;429941;134;40
N8_PA_2022;21/11/2022;Nido8_axy30_pichonA_21112022_S1;16;C;A;Active_Others;A_shaking;429942;430007;65;41
N8_PA_2022;21/11/2022;Nido8_axy30_pichonA_21112022_S1;16;C;A;Active_Others;A_upward;430008;430651;643;42
N8_PA_2022;21/11/2022;Nido8_axy30_pichonA_21112022_S1;16;C;A;Active_Others;A_shaking;430652;430724;72;43
N8_PA_2022;21/11/2022;Nido8_axy30_pichonA_21112022_S1;16;C;A;Active_Others;A_upward;430725;430803;78;44
N8_PA_2022;21/11/2022;Nido8_axy30_pichonA_21112022_S1;16;C;A;Active_Others;A_shaking;430804;430883;79;45
N8_PA_2022;21/11/2022;Nido8_axy30_pichonA_21112022_S1;16;C;A;Active_Others;A_downward;430884;431872;988;46
N8_PA_2022;21/11/2022;Nido8_axy30_pichonA_21112022_S1;16;C;A;Active_Others;A_upward;431873;431965;92;47
N8_PA_2022;21/11/2022;Nido8_axy30_pichonA_21112022_S1;16;C;A;Active_Others;A_downward;431966;432168;202;48
N8_PA_2022;21/11/2022;Nido8_axy30_pichonA_21112022_S1;16;C;A;Active_Others;A_shaking;432169;432213;44;49
N8_PA_2022;21/11/2022;Nido8_axy30_pichonA_21112022_S1;16;C;A;Active_Others;A_upward;432214;433262;1048;50
N8_PA_2022;21/11/2022;Nido8_axy30_pichonA_21112022_S1;16;C;A;Active_Others;A_shaking;433263;433307;44;51
N8_PA_2022;21/11/2022;Nido8_axy30_pichonA_21112022_S1;16;C;A;Active_Others;A_upward;433308;433630;322;52
N8_PA_2022;21/11/2022;Nido8_axy30_pichonA_21112022_S1;16;C;A;Active_Others;A_shaking;433631;433692;61;53
N8_PA_2022;21/11/2022;Nido8_axy30_pichonA_21112022_S1;16;C;A;Active_Others;A_downward;433693;433796;103;54
N8_PA_2022;21/11/2022;Nido8_axy30_pichonA_21112022_S1;16;C;A;Active_Others;A_shaking;433797;433868;71;55
N8_PA_2022;21/11/2022;Nido8_axy30_pichonA_21112022_S1;16;C;A;Active_Others;A_downward;433869;434091;222;56
N8_PA_2022;21/11/2022;Nido8_axy30_pichonA_21112022_S1;16;C;A;Active_Others;A_shaking;434092;434151;59;57
N8_PA_2022;21/11/2022;Nido8_axy30_pichonA_21112022_S1;16;C;A;Active_Others;A_downward;434152;434488;336;58
N8_PA_2022;21/11/2022;Nido8_axy30_pichonA_21112022_S1;16;C;A;Active_Others;A_shaking;434489;434551;62;59
N8_PA_2022;21/11/2022;Nido8_axy30_pichonA_21112022_S1;16;C;A;Active_Others;A_downward;434552;435027;475;60
N8_PA_2022;21/11/2022;Nido8_axy30_pichonA_21112022_S1;16;C;A;Active_Others;A_shaking;435028;435099;71;61
N8_PA_2022;21/11/2022;Nido8_axy30_pichonA_21112022_S1;16;C;A;Active_Others;A_downward;435100;435254;154;62
N8_PA_2022;21/11/2022;Nido8_axy30_pichonA_21112022_S1;16;C;A;Active_Others;A_upward;435255;435433;178;63
N8_PA_2022;21/11/2022;Nido8_axy30_pichonA_21112022_S1;16;C;A;Active_Others;A_downward;435434;435675;241;64
N8_PA_2022;21/11/2022;Nido8_axy30_pichonA_21112022_S1;16;C;A;Active_Others;A_shaking;435676;435741;65;65
N8_PA_2022;21/11/2022;Nido8_axy30_pichonA_21112022_S1;16;C;A;Active_Others;A_upward;435742;436012;270;66
N8_PA_2022;21/11/2022;Nido8_axy30_pichonA_21112022_S1;16;C;A;Active_Others;A_shaking;436013;436125;112;67
N8_PA_2022;21/11/2022;Nido8_axy30_pichonA_21112022_S1;16;C;A;Active_Others;A_upward;436126;436579;453;68
N8_PA_2022;21/11/2022;Nido8_axy30_pichonA_21112022_S1;16;C;A;Active_Others;A_shaking;436580;436646;66;69
N8_PA_2022;21/11/2022;Nido8_axy30_pichonA_21112022_S1;16;C;A;Resting;R;436647;437584;937;70
N8_PA_2022;21/11/2022;Nido8_axy30_pichonA_21112022_S1;16;C;A;Active_Others;A_downward;437585;437656;71;71
N8_PA_2022;21/11/2022;Nido8_axy30_pichonA_21112022_S1;16;C;A;Resting;R;437657;438232;575;72
N8_PA_2022;21/11/2022;Nido8_axy30_pichonA_21112022_S1;16;C;A;Active_Others;A_shaking;438233;438325;92;73
N8_PA_2022;21/11/2022;Nido8_axy30_pichonA_21112022_S1;16;C;A;Resting;R;438326;440014;1688;74
N8_PA_2022;21/11/2022;Nido8_axy30_pichonA_21112022_S1;16;C;A;Active_Others;A_shaking;440015;440098;83;75
N8_PA_2022;21/11/2022;Nido8_axy30_pichonA_21112022_S1;16;C;A;Resting;R;440099;445585;5486;76
N8_PA_2022;21/11/2022;Nido8_axy30_pichonA_21112022_S1;16;C;A;Active_Others;A_shaking;445586;445667;81;77
N8_PA_2022;21/11/2022;Nido8_axy30_pichonA_21112022_S1;16;C;A;Resting;R;445668;452466;6798;78
N8_PA_2022;21/11/2022;Nido8_axy30_pichonA_21112022_S1;16;C;A;Active_Others;A_downward;452467;452531;64;79
N8_PA_2022;21/11/2022;Nido8_axy30_pichonA_21112022_S1;16;C;A;Active_Others;A_shaking;452532;452579;47;80
N8_PA_2022;21/11/2022;Nido8_axy30_pichonA_21112022_S1;16;C;A;Active_Others;A_downward;452580;452994;414;81
N8_PA_2022;21/11/2022;Nido8_axy30_pichonA_21112022_S1;16;C;A;Active_Others;A_shaking;452995;453045;50;82
N8_PA_2022;21/11/2022;Nido8_axy30_pichonA_21112022_S1;16;C;A;Resting;R;453046;455994;2948;83
N8_PA_2022;21/11/2022;Nido8_axy30_pichonA_21112022_S1;16;C;A;Active_Others;A_upward;455995;456706;711;84
N8_PA_2022;21/11/2022;Nido8_axy30_pichonA_21112022_S1;16;C;A;Active_Others;A_shaking;456707;456756;49;85
N8_PA_2022;21/11/2022;Nido8_axy30_pichonA_21112022_S1;16;C;A;Active_Others;A_upward;456757;457435;678;86
N8_PA_2022;21/11/2022;Nido8_axy30_pichonA_21112022_S1;16;C;A;Active_Others;A_shaking;457436;457505;69;87
N8_PA_2022;21/11/2022;Nido8_axy30_pichonA_21112022_S1;16;C;A;Active_Others;A_upward;457506;457628;122;88
N8_PA_2022;21/11/2022;Nido8_axy30_pichonA_21112022_S1;16;C;A;Active_Others;A_downward;457629;457825;196;89
N8_PA_2022;21/11/2022;Nido8_axy30_pichonA_21112022_S1;16;C;A;Active_Others;A_upward;457826;458450;624;90
N8_PA_2022;21/11/2022;Nido8_axy30_pichonA_21112022_S1;16;C;A;Active_Others;A_downward;458451;458857;406;91
N8_PA_2022;21/11/2022;Nido8_axy30_pichonA_21112022_S1;16;C;A;Active_Others;A_shaking;458858;458929;71;92
N8_PA_2022;21/11/2022;Nido8_axy30_pichonA_21112022_S1;16;C;A;Active_Others;A_downward;458930;459707;777;93
N8_PA_2022;21/11/2022;Nido8_axy30_pichonA_21112022_S1;16;C;A;Active_Others;A_shaking;459708;459769;61;94
N8_PA_2022;21/11/2022;Nido8_axy30_pichonA_21112022_S1;16;C;A;Active_Others;A_downward;459770;461071;1301;95
N8_PA_2022;21/11/2022;Nido8_axy30_pichonA_21112022_S1;16;C;A;Active_Others;A_shaking;461072;461102;30;96
N8_PA_2022;21/11/2022;Nido8_axy30_pichonA_21112022_S1;16;C;A;Active_Others;A_downward;461103;463051;1948;97
N8_PA_2022;21/11/2022;Nido8_axy30_pichonA_21112022_S1;16;C;A;Active_Others;A_shaking;463052;463121;69;98
N8_PA_2022;21/11/2022;Nido8_axy30_pichonA_21112022_S1;16;C;A;Active_Others;A_downward;463122;464526;1404;99
N8_PA_2022;21/11/2022;Nido8_axy30_pichonA_21112022_S1;16;C;A;Active_Others;A_shaking;464527;464592;65;100
N8_PA_2022;21/11/2022;Nido8_axy30_pichonA_21112022_S1;16;C;A;Active_Others;A_downward;464593;465190;597;101
N8_PA_2022;21/11/2022;Nido8_axy30_pichonA_21112022_S1;16;C;A;Resting;R;465191;466169;978;102
N8_PA_2022;21/11/2022;Nido8_axy30_pichonA_21112022_S1;16;C;A;Active_Others;A_downward;466170;466868;698;103
N8_PA_2022;21/11/2022;Nido8_axy30_pichonA_21112022_S1;16;C;A;Active_Others;A_shaking;466869;466940;71;104
N8_PA_2022;21/11/2022;Nido8_axy30_pichonA_21112022_S1;16;C;A;Active_Others;A_downward;466941;467046;105;105
N8_PA_2022;21/11/2022;Nido8_axy30_pichonA_21112022_S1;16;C;A;Active_Others;A_upward;467047;467181;134;106
N8_PA_2022;21/11/2022;Nido8_axy30_pichonA_21112022_S1;16;C;A;Active_Others;A_downward;467182;467306;124;107
N8_PA_2022;21/11/2022;Nido8_axy30_pichonA_21112022_S1;16;C;A;Resting;R;467307;467884;577;108
N8_PA_2022;21/11/2022;Nido8_axy30_pichonA_21112022_S1;16;C;A;Active_Others;A_downward;467885;469109;1224;109
N8_PA_2022;21/11/2022;Nido8_axy30_pichonA_21112022_S1;16;C;A;Active_Others;A_upward;469110;469660;550;110
N8_PA_2022;21/11/2022;Nido8_axy30_pichonA_21112022_S1;16;C;A;Active_Others;A_shaking;469661;469731;70;111
N8_PA_2022;21/11/2022;Nido8_axy30_pichonA_21112022_S1;16;C;A;Active_Others;A_downward;469732;470163;431;112
N8_PA_2022;21/11/2022;Nido8_axy30_pichonA_21112022_S1;16;C;A;Resting;R;470164;471202;1038;113
N9_PA_2022;22/11/2022;Nido9_axy26_pichonA_22112022_S2;15;C;A;Resting;R;439661;449150;9489;1
N9_PA_2022;22/11/2022;Nido9_axy26_pichonA_22112022_S2;15;C;A;Active_Others;A_downward;449151;449208;57;2
N9_PA_2022;22/11/2022;Nido9_axy26_pichonA_22112022_S2;15;C;A;Resting;R;449209;455620;6411;3
N9_PA_2022;22/11/2022;Nido9_axy26_pichonA_22112022_S2;15;C;A;Active_Others;A_upward;455621;455769;148;4
N9_PA_2022;22/11/2022;Nido9_axy26_pichonA_22112022_S2;15;C;A;Resting;R;455770;456413;643;5
N9_PA_2022;22/11/2022;Nido9_axy26_pichonA_22112022_S2;15;C;A;Begging;B_consp;456414;461325;4911;6
N9_PA_2022;22/11/2022;Nido9_axy26_pichonA_22112022_S2;15;C;A;Begging;B_pause;461326;461388;62;7
N9_PA_2022;22/11/2022;Nido9_axy26_pichonA_22112022_S2;15;C;A;Begging;B_consp;461389;464226;2837;8
N9_PA_2022;22/11/2022;Nido9_axy26_pichonA_22112022_S2;15;C;A;Eating;E_long;464227;464551;324;9
N9_PA_2022;22/11/2022;Nido9_axy26_pichonA_22112022_S2;15;C;A;Begging;B_consp;464552;464974;422;10
N9_PA_2022;22/11/2022;Nido9_axy26_pichonA_22112022_S2;15;C;A;Eating;E_long;464975;465557;582;11
N9_PA_2022;22/11/2022;Nido9_axy26_pichonA_22112022_S2;15;C;A;Active_Others;A_upward;465558;465644;86;12
N9_PA_2022;22/11/2022;Nido9_axy26_pichonA_22112022_S2;15;C;A;Begging;B_consp;465645;466582;937;13
N9_PA_2022;22/11/2022;Nido9_axy26_pichonA_22112022_S2;15;C;A;Eating;E_long;466583;467286;703;14
N9_PA_2022;22/11/2022;Nido9_axy26_pichonA_22112022_S2;15;C;A;Active_Others;A_upward;467287;467357;70;15
N9_PA_2022;22/11/2022;Nido9_axy26_pichonA_22112022_S2;15;C;A;Begging;B_consp;467358;468417;1059;16
N9_PA_2022;22/11/2022;Nido9_axy26_pichonA_22112022_S2;15;C;A;Eating;E_long;468418;468957;539;17
N9_PA_2022;22/11/2022;Nido9_axy26_pichonA_22112022_S2;15;C;A;Active_Others;A_downward;468958;469045;87;18
N9_PA_2022;22/11/2022;Nido9_axy26_pichonA_22112022_S2;15;C;A;Begging;B_consp;469046;469755;709;19
N9_PA_2022;22/11/2022;Nido9_axy26_pichonA_22112022_S2;15;C;A;Eating;E_short;469756;469890;134;20
N9_PA_2022;22/11/2022;Nido9_axy26_pichonA_22112022_S2;15;C;A;Begging;B_consp;469891;470155;264;21
N9_PA_2022;22/11/2022;Nido9_axy26_pichonA_22112022_S2;15;C;A;Eating;E_long;470156;471063;907;22
N9_PA_2022;22/11/2022;Nido9_axy26_pichonA_22112022_S2;15;C;A;Active_Others;A_downward;471064;471159;95;23
N9_PA_2022;22/11/2022;Nido9_axy26_pichonA_22112022_S2;15;C;A;Begging;B_consp;471160;472044;884;24
N9_PA_2022;22/11/2022;Nido9_axy26_pichonA_22112022_S2;15;C;A;Active_Others;A_shaking;472045;472112;67;25
N9_PA_2022;22/11/2022;Nido9_axy26_pichonA_22112022_S2;15;C;A;Begging;B_consp;472113;473900;1787;26
N9_PA_2022;22/11/2022;Nido9_axy26_pichonA_22112022_S2;15;C;A;Eating;E_long;473901;474462;561;27
N9_PA_2022;22/11/2022;Nido9_axy26_pichonA_22112022_S2;15;C;A;Active_Others;A_upward;474463;475406;943;28
N9_PA_2022;22/11/2022;Nido9_axy26_pichonA_22112022_S2;15;C;A;Active_Others;A_shaking;475407;475461;54;29
N9_PA_2022;22/11/2022;Nido9_axy26_pichonA_22112022_S2;15;C;A;Active_Others;A_upward;475462;476383;921;30
N9_PA_2022;22/11/2022;Nido9_axy26_pichonA_22112022_S2;15;C;A;Begging;B_consp;476384;477756;1372;31
N9_PA_2022;22/11/2022;Nido9_axy26_pichonA_22112022_S2;15;C;A;Begging;B_pause;477757;477884;127;32
N9_PA_2022;22/11/2022;Nido9_axy26_pichonA_22112022_S2;15;C;A;Begging;B_consp;477885;479387;1502;33
N9_PA_2022;22/11/2022;Nido9_axy26_pichonA_22112022_S2;15;C;A;Eating;E_short;479388;479571;183;34
N9_PA_2022;22/11/2022;Nido9_axy26_pichonA_22112022_S2;15;C;A;Begging;B_consp;479572;480360;788;35
N9_PA_2022;22/11/2022;Nido9_axy26_pichonA_22112022_S2;15;C;A;Eating;E_short;480361;480429;68;36
N9_PA_2022;22/11/2022;Nido9_axy26_pichonA_22112022_S2;15;C;A;Begging;B_consp;480430;480757;327;37
N9_PA_2022;22/11/2022;Nido9_axy26_pichonA_22112022_S2;15;C;A;Eating;E_short;480758;480824;66;38
N9_PA_2022;22/11/2022;Nido9_axy26_pichonA_22112022_S2;15;C;A;Begging;B_consp;480825;482023;1198;39
N9_PA_2022;22/11/2022;Nido9_axy26_pichonA_22112022_S2;15;C;A;Eating;E_short;482024;482137;113;40
N9_PA_2022;22/11/2022;Nido9_axy26_pichonA_22112022_S2;15;C;A;Begging;B_consp;482138;482631;493;41
N9_PA_2022;22/11/2022;Nido9_axy26_pichonA_22112022_S2;15;C;A;Eating;E_long;482632;483029;397;42
N9_PA_2022;22/11/2022;Nido9_axy26_pichonA_22112022_S2;15;C;A;Active_Others;A_downward;483030;483117;87;43
N9_PA_2022;22/11/2022;Nido9_axy26_pichonA_22112022_S2;15;C;A;Begging;B_consp;483118;483949;831;44
N9_PA_2022;22/11/2022;Nido9_axy26_pichonA_22112022_S2;15;C;A;Eating;E_long;483950;484207;257;45
N9_PA_2022;22/11/2022;Nido9_axy26_pichonA_22112022_S2;15;C;A;Active_Others;A_downward;484208;484242;34;46
N9_PA_2022;22/11/2022;Nido9_axy26_pichonA_22112022_S2;15;C;A;Begging;B_consp;484243;484804;561;47
N9_PA_2022;22/11/2022;Nido9_axy26_pichonA_22112022_S2;15;C;A;Eating;E_short;484805;484891;86;48
N9_PA_2022;22/11/2022;Nido9_axy26_pichonA_22112022_S2;15;C;A;Begging;B_consp;484892;485644;752;49
N9_PA_2022;22/11/2022;Nido9_axy26_pichonA_22112022_S2;15;C;A;Eating;E_long;485645;486210;565;50
N9_PA_2022;22/11/2022;Nido9_axy26_pichonA_22112022_S2;15;C;A;Active_Others;A_downward;486211;486287;76;51
N9_PA_2022;22/11/2022;Nido9_axy26_pichonA_22112022_S2;15;C;A;Begging;B_consp;486288;486882;594;52
N9_PA_2022;22/11/2022;Nido9_axy26_pichonA_22112022_S2;15;C;A;Active_Others;A_upward;486883;487065;182;53
N9_PA_2022;22/11/2022;Nido9_axy26_pichonA_22112022_S2;15;C;A;Active_Others;A_shaking;487066;487119;53;54
N9_PA_2022;22/11/2022;Nido9_axy26_pichonA_22112022_S2;15;C;A;Active_Others;A_upward;487120;487612;492;55
N9_PA_2022;22/11/2022;Nido9_axy26_pichonA_22112022_S2;15;C;A;Begging;B_consp;487613;487943;330;56
N9_PA_2022;22/11/2022;Nido9_axy26_pichonA_22112022_S2;15;C;A;Active_Others;A_upward;487944;488145;201;57
N9_PA_2022;22/11/2022;Nido9_axy26_pichonA_22112022_S2;15;C;A;Active_Others;A_downward;488146;495589;7443;58
N9_PA_2022;22/11/2022;Nido9_axy26_pichonA_22112022_S2;15;C;A;Active_Others;A_upward;495590;496191;601;59
N9_PA_2022;22/11/2022;Nido9_axy26_pichonA_22112022_S2;15;C;A;Active_Others;A_shaking;496192;496244;52;60
N9_PA_2022;22/11/2022;Nido9_axy26_pichonA_22112022_S2;15;C;A;Active_Others;A_upward;496245;496748;503;61
N9_PA_2022;22/11/2022;Nido9_axy26_pichonA_22112022_S2;15;C;A;Active_Others;A_downward;496749;497702;953;62
N9_PA_2022;22/11/2022;Nido9_axy26_pichonA_22112022_S2;15;C;A;Active_Others;A_upward;497703;498865;1162;63
N9_PA_2022;22/11/2022;Nido9_axy26_pichonA_22112022_S2;15;C;A;Active_Others;A_downward;498866;499543;677;64
N9_PA_2022;22/11/2022;Nido9_axy26_pichonA_22112022_S2;15;C;A;Active_Others;A_upward;499544;503714;4170;65
N9_PA_2022;22/11/2022;Nido9_axy26_pichonA_22112022_S2;15;C;A;Active_Others;A_downward;503715;503814;99;66
N9_PA_2022;22/11/2022;Nido9_axy26_pichonA_22112022_S2;15;C;A;Active_Others;A_upward;503815;503898;83;67
N9_PA_2022;22/11/2022;Nido9_axy26_pichonA_22112022_S2;15;C;A;Active_Others;A_downward;503899;504347;448;68
N9_PA_2022;22/11/2022;Nido9_axy26_pichonA_22112022_S2;15;C;A;Active_Others;A_upward;504348;504910;562;69
N9_PA_2022;22/11/2022;Nido9_axy26_pichonA_22112022_S2;15;C;A;Active_Others;A_downward;504911;505041;130;70
N9_PA_2022;22/11/2022;Nido9_axy26_pichonA_22112022_S2;15;C;A;Active_Others;A_upward;505042;506460;1418;71
N9_PA_2022;22/11/2022;Nido9_axy26_pichonA_22112022_S2;15;C;A;Active_Others;A_downward;506461;506767;306;72
N9_PA_2022;22/11/2022;Nido9_axy26_pichonA_22112022_S2;15;C;A;Active_Others;A_upward;506768;507226;458;73
N9_PA_2022;22/11/2022;Nido9_axy26_pichonA_22112022_S2;15;C;A;Active_Others;A_downward;507227;507423;196;74
N9_PA_2022;22/11/2022;Nido9_axy26_pichonA_22112022_S2;15;C;A;Active_Others;A_upward;507424;508767;1343;75
N9_PA_2022;22/11/2022;Nido9_axy26_pichonA_22112022_S2;15;C;A;Active_Others;A_downward;508768;509469;701;76
N9_PA_2022;22/11/2022;Nido9_axy26_pichonA_22112022_S2;15;C;A;Active_Others;A_upward;509470;510499;1029;77
N9_PA_2022;22/11/2022;Nido9_axy26_pichonA_22112022_S2;15;C;A;Active_Others;A_shaking;510500;510556;56;78
N9_PA_2022;22/11/2022;Nido9_axy26_pichonA_22112022_S2;15;C;A;Active_Others;A_upward;510557;514221;3664;79
N9_PA_2022;22/11/2022;Nido9_axy26_pichonA_22112022_S2;15;C;A;Active_Others;A_shaking;514222;514254;32;80
N9_PA_2022;22/11/2022;Nido9_axy26_pichonA_22112022_S2;15;C;A;Active_Others;A_upward;514255;515487;1232;81
N9_PA_2022;22/11/2022;Nido9_axy26_pichonA_22112022_S2;15;C;A;Active_Others;A_shaking;515488;515512;24;82
N9_PA_2022;22/11/2022;Nido9_axy26_pichonA_22112022_S2;15;C;A;Active_Others;A_upward;515513;519542;4029;83
N9_PA_2022;22/11/2022;Nido9_axy26_pichonA_22112022_S2;15;C;A;Active_Others;A_shaking;519543;519571;28;84
N9_PA_2022;22/11/2022;Nido9_axy26_pichonA_22112022_S2;15;C;A;Active_Others;A_upward;519572;521432;1860;85
N9_PA_2022;22/11/2022;Nido9_axy26_pichonA_22112022_S2;15;C;A;Active_Others;A_shaking;521433;521461;28;86
N9_PA_2022;22/11/2022;Nido9_axy26_pichonA_22112022_S2;15;C;A;Active_Others;A_upward;521462;525807;4345;87
N9_PA_2022;22/11/2022;Nido9_axy26_pichonA_22112022_S2;15;C;A;Active_Others;A_downward;525808;526068;260;88
N9_PA_2022;22/11/2022;Nido9_axy26_pichonA_22112022_S2;15;C;A;Active_Others;A_upward;526069;529304;3235;89
N9_PA_2022;22/11/2022;Nido9_axy26_pichonA_22112022_S2;15;C;A;Active_Others;A_shaking;529305;529371;66;90
N9_PA_2022;22/11/2022;Nido9_axy26_pichonA_22112022_S2;15;C;A;Active_Others;A_upward;529372;529967;595;91
N9_PA_2022;22/11/2022;Nido9_axy26_pichonA_22112022_S2;15;C;A;Active_Others;A_downward;529968;530040;72;92
N9_PA_2022;22/11/2022;Nido9_axy26_pichonA_22112022_S2;15;C;A;Active_Others;A_upward;530041;530620;579;93
N9_PA_2022;22/11/2022;Nido9_axy26_pichonA_22112022_S2;15;C;A;Active_Others;A_shaking;530621;530660;39;94
N9_PA_2022;22/11/2022;Nido9_axy26_pichonA_22112022_S2;15;C;A;Active_Others;A_downward;530661;531041;380;95
N9_PA_2022;22/11/2022;Nido9_axy26_pichonA_22112022_S2;15;C;A;Active_Others;A_upward;531042;532103;1061;96
N9_PA_2022;22/11/2022;Nido9_axy26_pichonA_22112022_S2;15;C;A;Active_Others;A_shaking;532104;532141;37;97
N9_PA_2022;22/11/2022;Nido9_axy26_pichonA_22112022_S2;15;C;A;Active_Others;A_upward;532142;533850;1708;98
N9_PA_2022;22/11/2022;Nido9_axy26_pichonA_22112022_S2;15;C;A;Active_Others;A_shaking;533851;533927;76;99
N9_PA_2022;22/11/2022;Nido9_axy26_pichonA_22112022_S2;15;C;A;Active_Others;A_upward;533928;534349;421;100
N9_PA_2022;22/11/2022;Nido9_axy26_pichonA_22112022_S2;15;C;A;Active_Others;A_shaking;534350;534407;57;101
N9_PA_2022;22/11/2022;Nido9_axy26_pichonA_22112022_S2;15;C;A;Active_Others;A_upward;534408;534483;75;102
N9_PA_2022;22/11/2022;Nido9_axy26_pichonA_22112022_S2;15;C;A;Active_Others;A_downward;534484;534570;86;103
N9_PA_2022;22/11/2022;Nido9_axy26_pichonA_22112022_S2;15;C;A;Active_Others;A_shaking;534571;534608;37;104
N9_PA_2022;22/11/2022;Nido9_axy26_pichonA_22112022_S2;15;C;A;Active_Others;A_upward;534609;534674;65;105
N9_PA_2022;22/11/2022;Nido9_axy26_pichonA_22112022_S2;15;C;A;Active_Others;A_downward;534675;534818;143;106
N9_PA_2022;22/11/2022;Nido9_axy26_pichonA_22112022_S2;15;C;A;Active_Others;A_upward;534819;534926;107;107
N9_PA_2022;22/11/2022;Nido9_axy26_pichonA_22112022_S2;15;C;A;Active_Others;A_downward;534927;535159;232;108
N9_PA_2022;22/11/2022;Nido9_axy26_pichonA_22112022_S2;15;C;A;Active_Others;A_upward;535160;535234;74;109
N9_PA_2022;22/11/2022;Nido9_axy26_pichonA_22112022_S2;15;C;A;Active_Others;A_downward;535235;535349;114;110
N9_PA_2022;22/11/2022;Nido9_axy26_pichonA_22112022_S2;15;C;A;Active_Others;A_upward;535350;535633;283;111
N9_PA_2022;22/11/2022;Nido9_axy26_pichonA_22112022_S2;15;C;A;Active_Others;A_downward;535634;535766;132;112
N10_PA_2022;22/11/2022;Nido10_axy35_pichonA_22112022_S1;13;B;A;Resting;R;571827;581296;9469;1
N10_PA_2022;22/11/2022;Nido10_axy35_pichonA_22112022_S1;13;B;A;Active_Others;A_downward;581297;581941;644;2
N10_PA_2022;22/11/2022;Nido10_axy35_pichonA_22112022_S1;13;B;A;Active_Others;A_upward;581942;582374;432;3
N10_PA_2022;22/11/2022;Nido10_axy35_pichonA_22112022_S1;13;B;A;Active_Others;A_downward;582375;582760;385;4
N10_PA_2022;22/11/2022;Nido10_axy35_pichonA_22112022_S1;13;B;A;Resting;R;582761;597364;14603;5
N10_PA_2022;22/11/2022;Nido10_axy35_pichonA_22112022_S1;13;B;A;Active_Others;A_downward;597365;597599;234;6
N10_PA_2022;22/11/2022;Nido10_axy35_pichonA_22112022_S1;13;B;A;Resting;R;597600;610398;12798;7
N10_PA_2022;22/11/2022;Nido10_axy35_pichonA_22112022_S1;13;B;A;Active_Others;A_downward;610399;610515;116;8
N10_PA_2022;22/11/2022;Nido10_axy35_pichonA_22112022_S1;13;B;A;Begging;B_consp;610516;610932;416;9
N10_PA_2022;22/11/2022;Nido10_axy35_pichonA_22112022_S1;13;B;A;Active_Others;A_downward;610933;611120;187;10
N10_PA_2022;22/11/2022;Nido10_axy35_pichonA_22112022_S1;13;B;A;Begging;B_consp;611121;611535;414;11
N10_PA_2022;22/11/2022;Nido10_axy35_pichonA_22112022_S1;13;B;A;Eating;E_short;611536;611644;108;12
N10_PA_2022;22/11/2022;Nido10_axy35_pichonA_22112022_S1;13;B;A;Begging;B_consp;611645;612369;724;13
N10_PA_2022;22/11/2022;Nido10_axy35_pichonA_22112022_S1;13;B;A;Eating;E_long;612370;612755;385;14
N10_PA_2022;22/11/2022;Nido10_axy35_pichonA_22112022_S1;13;B;A;Begging;B_consp;612756;616354;3598;15
N10_PA_2022;22/11/2022;Nido10_axy35_pichonA_22112022_S1;13;B;A;Eating;E_long;616355;617368;1013;16
N10_PA_2022;22/11/2022;Nido10_axy35_pichonA_22112022_S1;13;B;A;Begging;B_consp;617369;618553;1184;17
N10_PA_2022;22/11/2022;Nido10_axy35_pichonA_22112022_S1;13;B;A;Eating;E_long;618554;618847;293;18
N10_PA_2022;22/11/2022;Nido10_axy35_pichonA_22112022_S1;13;B;A;Begging;B_consp;618848;619302;454;19
N10_PA_2022;22/11/2022;Nido10_axy35_pichonA_22112022_S1;13;B;A;Eating;E_long;619303;620054;751;20
N10_PA_2022;22/11/2022;Nido10_axy35_pichonA_22112022_S1;13;B;A;Active_Others;A_upward;620055;620109;54;21
N10_PA_2022;22/11/2022;Nido10_axy35_pichonA_22112022_S1;13;B;A;Begging;B_consp;620110;621972;1862;22
N10_PA_2022;22/11/2022;Nido10_axy35_pichonA_22112022_S1;13;B;A;Eating;E_long;621973;622698;725;23
N10_PA_2022;22/11/2022;Nido10_axy35_pichonA_22112022_S1;13;B;A;Active_Others;A_upward;622699;622824;125;24
N10_PA_2022;22/11/2022;Nido10_axy35_pichonA_22112022_S1;13;B;A;Begging;B_consp;622825;623938;1113;25
N10_PA_2022;22/11/2022;Nido10_axy35_pichonA_22112022_S1;13;B;A;Begging;B_pause;623939;624106;167;26
N10_PA_2022;22/11/2022;Nido10_axy35_pichonA_22112022_S1;13;B;A;Begging;B_consp;624107;624227;120;27
N10_PA_2022;22/11/2022;Nido10_axy35_pichonA_22112022_S1;13;B;A;Begging;B_pause;624228;624321;93;28
N10_PA_2022;22/11/2022;Nido10_axy35_pichonA_22112022_S1;13;B;A;Begging;B_consp;624322;625260;938;29
N10_PA_2022;22/11/2022;Nido10_axy35_pichonA_22112022_S1;13;B;A;Eating;E_long;625261;625952;691;30
N10_PA_2022;22/11/2022;Nido10_axy35_pichonA_22112022_S1;13;B;A;Active_Others;A_upward;625953;626321;368;31
N10_PA_2022;22/11/2022;Nido10_axy35_pichonA_22112022_S1;13;B;A;Begging;B_consp;626322;628897;2575;32
N10_PA_2022;22/11/2022;Nido10_axy35_pichonA_22112022_S1;13;B;A;Eating;E_short;628898;629103;205;33
N10_PA_2022;22/11/2022;Nido10_axy35_pichonA_22112022_S1;13;B;A;Begging;B_consp;629104;631808;2704;34
N10_PA_2022;22/11/2022;Nido10_axy35_pichonA_22112022_S1;13;B;A;Eating;E_long;631809;632488;679;35
N10_PA_2022;22/11/2022;Nido10_axy35_pichonA_22112022_S1;13;B;A;Begging;B_consp;632489;635128;2639;36
N10_PA_2022;22/11/2022;Nido10_axy35_pichonA_22112022_S1;13;B;A;Eating;E_long;635129;635887;758;37
N10_PA_2022;22/11/2022;Nido10_axy35_pichonA_22112022_S1;13;B;A;Active_Others;A_downward;635888;635962;74;38
N10_PA_2022;22/11/2022;Nido10_axy35_pichonA_22112022_S1;13;B;A;Begging;B_consp;635963;639899;3936;39
N10_PA_2022;22/11/2022;Nido10_axy35_pichonA_22112022_S1;13;B;A;Eating;E_long;639900;640603;703;40
N10_PA_2022;22/11/2022;Nido10_axy35_pichonA_22112022_S1;13;B;A;Begging;B_consp;640604;642453;1849;41
N10_PA_2022;22/11/2022;Nido10_axy35_pichonA_22112022_S1;13;B;A;Eating;E_long;642454;643484;1030;42
N10_PA_2022;22/11/2022;Nido10_axy35_pichonA_22112022_S1;13;B;A;Begging;B_consp;643485;644074;589;43
N10_PA_2022;22/11/2022;Nido10_axy35_pichonA_22112022_S1;13;B;A;Begging;B_pause;644075;644185;110;44
N10_PA_2022;22/11/2022;Nido10_axy35_pichonA_22112022_S1;13;B;A;Begging;B_consp;644186;652422;8236;45
N10_PA_2022;22/11/2022;Nido10_axy35_pichonA_22112022_S1;13;B;A;Active_Others;A_downward;652423;652755;332;46
N10_PA_2022;22/11/2022;Nido10_axy35_pichonA_22112022_S1;13;B;A;Active_Others;A_upward;652756;653062;306;47
N10_PA_2022;22/11/2022;Nido10_axy35_pichonA_22112022_S1;13;B;A;Active_Others;A_downward;653063;653197;134;48
N10_PA_2022;22/11/2022;Nido10_axy35_pichonA_22112022_S1;13;B;A;Active_Others;A_upward;653198;653697;499;49
N10_PA_2022;22/11/2022;Nido10_axy35_pichonA_22112022_S1;13;B;A;Active_Others;A_shaking;653698;653724;26;50
N10_PA_2022;22/11/2022;Nido10_axy35_pichonA_22112022_S1;13;B;A;Active_Others;A_upward;653725;654273;548;51
N10_PA_2022;22/11/2022;Nido10_axy35_pichonA_22112022_S1;13;B;A;Active_Others;A_downward;654274;654428;154;52
N10_PA_2022;22/11/2022;Nido10_axy35_pichonA_22112022_S1;13;B;A;Resting;R;654429;656508;2079;53
N10_PA_2022;22/11/2022;Nido10_axy35_pichonA_22112022_S1;13;B;A;Active_Others;A_downward;656509;656548;39;54
N10_PA_2022;22/11/2022;Nido10_axy35_pichonA_22112022_S1;13;B;A;Active_Others;A_shaking;656549;656582;33;55
N10_PA_2022;22/11/2022;Nido10_axy35_pichonA_22112022_S1;13;B;A;Active_Others;A_upward;656583;656676;93;56
N10_PA_2022;22/11/2022;Nido10_axy35_pichonA_22112022_S1;13;B;A;Active_Others;A_downward;656677;656814;137;57
N10_PA_2022;22/11/2022;Nido10_axy35_pichonA_22112022_S1;13;B;A;Resting;R;656815;660708;3893;58
N10_PA_2022;22/11/2022;Nido10_axy35_pichonA_22112022_S1;13;B;A;Active_Others;A_upward;660709;660763;54;59
N10_PA_2022;22/11/2022;Nido10_axy35_pichonA_22112022_S1;13;B;A;Active_Others;A_shaking;660764;660799;35;60
N10_PA_2022;22/11/2022;Nido10_axy35_pichonA_22112022_S1;13;B;A;Active_Others;A_upward;660800;661022;222;61
N10_PA_2022;22/11/2022;Nido10_axy35_pichonA_22112022_S1;13;B;A;Active_Others;A_downward;661023;661485;462;62
N10_PA_2022;22/11/2022;Nido10_axy35_pichonA_22112022_S1;13;B;A;Active_Others;A_upward;661486;663881;2395;63
N10_PA_2022;22/11/2022;Nido10_axy35_pichonA_22112022_S1;13;B;A;Active_Others;A_shaking;663882;663915;33;64
N10_PA_2022;22/11/2022;Nido10_axy35_pichonA_22112022_S1;13;B;A;Active_Others;A_upward;663916;667153;3237;65
N10_PA_2022;22/11/2022;Nido10_axy35_pichonA_22112022_S1;13;B;A;Active_Others;A_downward;667154;667371;217;66
N10_PA_2022;22/11/2022;Nido10_axy35_pichonA_22112022_S1;13;B;A;Active_Others;A_upward;667372;667756;384;67
N10_PA_2022;22/11/2022;Nido10_axy35_pichonA_22112022_S1;13;B;A;Active_Others;A_shaking;667757;667813;56;68
N10_PA_2022;22/11/2022;Nido10_axy35_pichonA_22112022_S1;13;B;A;Active_Others;A_upward;667814;668577;763;69
N10_PA_2022;22/11/2022;Nido10_axy35_pichonA_22112022_S1;13;B;A;Active_Others;A_shaking;668578;668627;49;70
N10_PA_2022;22/11/2022;Nido10_axy35_pichonA_22112022_S1;13;B;A;Active_Others;A_upward;668628;671040;2412;71
N10_PA_2022;22/11/2022;Nido10_axy35_pichonA_22112022_S1;13;B;A;Active_Others;A_shaking;671041;671101;60;72
N10_PA_2022;22/11/2022;Nido10_axy35_pichonA_22112022_S1;13;B;A;Active_Others;A_upward;671102;676752;5650;73
N10_PA_2022;22/11/2022;Nido10_axy35_pichonA_22112022_S1;13;B;A;Begging;B_consp;676753;679146;2393;74
N10_PA_2022;22/11/2022;Nido10_axy35_pichonA_22112022_S1;13;B;A;Begging;B_pause;679147;679203;56;75
N10_PA_2022;22/11/2022;Nido10_axy35_pichonA_22112022_S1;13;B;A;Begging;B_consp;679204;679952;748;76
N10_PA_2022;22/11/2022;Nido10_axy35_pichonA_22112022_S1;13;B;A;Begging;B_pause;679953;680019;66;77
N10_PA_2022;22/11/2022;Nido10_axy35_pichonA_22112022_S1;13;B;A;Begging;B_consp;680020;681510;1490;78
N10_PA_2022;22/11/2022;Nido10_axy35_pichonA_22112022_S1;13;B;A;Eating;E_long;681511;682021;510;79
N10_PA_2022;22/11/2022;Nido10_axy35_pichonA_22112022_S1;13;B;A;Active_Others;A_upward;682022;682114;92;80
N10_PA_2022;22/11/2022;Nido10_axy35_pichonA_22112022_S1;13;B;A;Begging;B_consp;682115;682851;736;81
N10_PA_2022;22/11/2022;Nido10_axy35_pichonA_22112022_S1;13;B;A;Eating;E_long;682852;683490;638;82
N10_PA_2022;22/11/2022;Nido10_axy35_pichonA_22112022_S1;13;B;A;Active_Others;A_upward;683491;683562;71;83
N10_PA_2022;22/11/2022;Nido10_axy35_pichonA_22112022_S1;13;B;A;Begging;B_consp;683563;684401;838;84
N10_PA_2022;22/11/2022;Nido10_axy35_pichonA_22112022_S1;13;B;A;Eating;E_short;684402;684644;242;85
N10_PA_2022;22/11/2022;Nido10_axy35_pichonA_22112022_S1;13;B;A;Begging;B_consp;684645;686419;1774;86
N10_PA_2022;22/11/2022;Nido10_axy35_pichonA_22112022_S1;13;B;A;Eating;E_long;686420;687084;664;87
N10_PA_2022;22/11/2022;Nido10_axy35_pichonA_22112022_S1;13;B;A;Active_Others;A_shaking;687085;687153;68;88
N10_PA_2022;22/11/2022;Nido10_axy35_pichonA_22112022_S1;13;B;A;Begging;B_consp;687154;688328;1174;89
N10_PA_2022;22/11/2022;Nido10_axy35_pichonA_22112022_S1;13;B;A;Eating;E_long;688329;688624;295;90
N10_PA_2022;22/11/2022;Nido10_axy35_pichonA_22112022_S1;13;B;A;Active_Others;A_upward;688625;688715;90;91
N10_PA_2022;22/11/2022;Nido10_axy35_pichonA_22112022_S1;13;B;A;Begging;B_consp;688716;689400;684;92
N10_PA_2022;22/11/2022;Nido10_axy35_pichonA_22112022_S1;13;B;A;Active_Others;A_downward;689401;689560;159;93
N10_PA_2022;22/11/2022;Nido10_axy35_pichonA_22112022_S1;13;B;A;Active_Others;A_upward;689561;689720;159;94
N10_PA_2022;22/11/2022;Nido10_axy35_pichonA_22112022_S1;13;B;A;Begging;B_consp;689721;691599;1878;95
N10_PA_2022;22/11/2022;Nido10_axy35_pichonA_22112022_S1;13;B;A;Eating;E_long;691600;692374;774;96
N10_PA_2022;22/11/2022;Nido10_axy35_pichonA_22112022_S1;13;B;A;Active_Others;A_upward;692375;692408;33;97
N10_PA_2022;22/11/2022;Nido10_axy35_pichonA_22112022_S1;13;B;A;Begging;B_consp;692409;695464;3055;98
N10_PA_2022;22/11/2022;Nido10_axy35_pichonA_22112022_S1;13;B;A;Begging;B_pause;695465;695538;73;99
N10_PA_2022;22/11/2022;Nido10_axy35_pichonA_22112022_S1;13;B;A;Begging;B_consp;695539;696606;1067;100
N10_PA_2022;22/11/2022;Nido10_axy35_pichonA_22112022_S1;13;B;A;Active_Others;A_downward;696607;697750;1143;101
N10_PA_2022;22/11/2022;Nido10_axy35_pichonA_22112022_S1;13;B;A;Active_Others;A_upward;697751;698269;518;102
N10_PA_2022;22/11/2022;Nido10_axy35_pichonA_22112022_S1;13;B;A;Active_Others;A_downward;698270;698681;411;103
N10_PA_2022;22/11/2022;Nido10_axy35_pichonA_22112022_S1;13;B;A;Active_Others;A_shaking;698682;698736;54;104
N10_PA_2022;22/11/2022;Nido10_axy35_pichonA_22112022_S1;13;B;A;Active_Others;A_downward;698737;699503;766;105
N10_PA_2022;22/11/2022;Nido10_axy35_pichonA_22112022_S1;13;B;A;Active_Others;A_shaking;699504;699574;70;106
N10_PA_2022;22/11/2022;Nido10_axy35_pichonA_22112022_S1;13;B;A;Active_Others;A_downward;699575;700172;597;107
N10_PA_2022;22/11/2022;Nido10_axy35_pichonA_22112022_S1;13;B;A;Active_Others;A_shaking;700173;700245;72;108
N10_PA_2022;22/11/2022;Nido10_axy35_pichonA_22112022_S1;13;B;A;Active_Others;A_upward;700246;706845;6599;109
N10_PA_2022;22/11/2022;Nido10_axy35_pichonA_22112022_S1;13;B;A;Active_Others;A_downward;706846;708492;1646;110
N10_PA_2022;22/11/2022;Nido10_axy35_pichonA_22112022_S1;13;B;A;Active_Others;A_upward;708493;712865;4372;111
N11_PA_2022;23/11/2022;Nido11_axy30_pichonA_23112022_S1;13;B;A;Eating;E_long;288979;290860;1881;1
N11_PA_2022;23/11/2022;Nido11_axy30_pichonA_23112022_S1;13;B;A;Active_Others;A_upward;290861;291167;306;2
N11_PA_2022;23/11/2022;Nido11_axy30_pichonA_23112022_S1;13;B;A;Begging;B_consp;291168;294089;2921;3
N11_PA_2022;23/11/2022;Nido11_axy30_pichonA_23112022_S1;13;B;A;Eating;E_long;294090;295019;929;4
N11_PA_2022;23/11/2022;Nido11_axy30_pichonA_23112022_S1;13;B;A;Active_Others;A_upward;295020;295089;69;5
N11_PA_2022;23/11/2022;Nido11_axy30_pichonA_23112022_S1;13;B;A;Begging;B_consp;295090;296498;1408;6
N11_PA_2022;23/11/2022;Nido11_axy30_pichonA_23112022_S1;13;B;A;Eating;E_long;296499;298069;1570;7
N11_PA_2022;23/11/2022;Nido11_axy30_pichonA_23112022_S1;13;B;A;Begging;B_consp;298070;299220;1150;8
N11_PA_2022;23/11/2022;Nido11_axy30_pichonA_23112022_S1;13;B;A;Begging;B_pause;299221;299407;186;9
N11_PA_2022;23/11/2022;Nido11_axy30_pichonA_23112022_S1;13;B;A;Begging;B_consp;299408;302098;2690;10
N11_PA_2022;23/11/2022;Nido11_axy30_pichonA_23112022_S1;13;B;A;Eating;E_long;302099;302626;527;11
N11_PA_2022;23/11/2022;Nido11_axy30_pichonA_23112022_S1;13;B;A;Begging;B_consp;302627;303122;495;12
N11_PA_2022;23/11/2022;Nido11_axy30_pichonA_23112022_S1;13;B;A;Begging;B_pause;303123;303157;34;13
N11_PA_2022;23/11/2022;Nido11_axy30_pichonA_23112022_S1;13;B;A;Begging;B_consp;303158;304082;924;14
N11_PA_2022;23/11/2022;Nido11_axy30_pichonA_23112022_S1;13;B;A;Begging;B_pause;304083;304191;108;15
N11_PA_2022;23/11/2022;Nido11_axy30_pichonA_23112022_S1;13;B;A;Begging;B_consp;304192;304447;255;16
N11_PA_2022;23/11/2022;Nido11_axy30_pichonA_23112022_S1;13;B;A;Eating;E_long;304448;305139;691;17
N11_PA_2022;23/11/2022;Nido11_axy30_pichonA_23112022_S1;13;B;A;Begging;B_consp;305140;305205;65;18
N11_PA_2022;23/11/2022;Nido11_axy30_pichonA_23112022_S1;13;B;A;Begging;B_pause;305206;305267;61;19
N11_PA_2022;23/11/2022;Nido11_axy30_pichonA_23112022_S1;13;B;A;Begging;B_consp;305268;305909;641;20
N11_PA_2022;23/11/2022;Nido11_axy30_pichonA_23112022_S1;13;B;A;Begging;B_pause;305910;306011;101;21
N11_PA_2022;23/11/2022;Nido11_axy30_pichonA_23112022_S1;13;B;A;Begging;B_consp;306012;306148;136;22
N11_PA_2022;23/11/2022;Nido11_axy30_pichonA_23112022_S1;13;B;A;Eating;E_long;306149;307141;992;23
N11_PA_2022;23/11/2022;Nido11_axy30_pichonA_23112022_S1;13;B;A;Active_Others;A_upward;307142;307599;457;24
N11_PA_2022;23/11/2022;Nido11_axy30_pichonA_23112022_S1;13;B;A;Active_Others;A_shaking;307600;307638;38;25
N11_PA_2022;23/11/2022;Nido11_axy30_pichonA_23112022_S1;13;B;A;Active_Others;A_upward;307639;307877;238;26
N11_PA_2022;23/11/2022;Nido11_axy30_pichonA_23112022_S1;13;B;A;Active_Others;A_downward;307878;308180;302;27
N11_PA_2022;23/11/2022;Nido11_axy30_pichonA_23112022_S1;13;B;A;Begging;B_consp;308181;308509;328;28
N11_PA_2022;23/11/2022;Nido11_axy30_pichonA_23112022_S1;13;B;A;Eating;E_long;308510;309244;734;29
N11_PA_2022;23/11/2022;Nido11_axy30_pichonA_23112022_S1;13;B;A;Active_Others;A_downward;309245;309347;102;30
N11_PA_2022;23/11/2022;Nido11_axy30_pichonA_23112022_S1;13;B;A;Active_Others;A_shaking;309348;309424;76;31
N11_PA_2022;23/11/2022;Nido11_axy30_pichonA_23112022_S1;13;B;A;Active_Others;A_upward;309425;309717;292;32
N11_PA_2022;23/11/2022;Nido11_axy30_pichonA_23112022_S1;13;B;A;Active_Others;A_downward;309718;309848;130;33
N11_PA_2022;23/11/2022;Nido11_axy30_pichonA_23112022_S1;13;B;A;Begging;B_consp;309849;311884;2035;34
N11_PA_2022;23/11/2022;Nido11_axy30_pichonA_23112022_S1;13;B;A;Begging;B_pause;311885;311923;38;35
N11_PA_2022;23/11/2022;Nido11_axy30_pichonA_23112022_S1;13;B;A;Begging;B_consp;311924;312762;838;36
N11_PA_2022;23/11/2022;Nido11_axy30_pichonA_23112022_S1;13;B;A;Begging;B_pause;312763;312807;44;37
N11_PA_2022;23/11/2022;Nido11_axy30_pichonA_23112022_S1;13;B;A;Begging;B_consp;312808;314941;2133;38
N11_PA_2022;23/11/2022;Nido11_axy30_pichonA_23112022_S1;13;B;A;Active_Others;A_downward;314942;315174;232;39
N11_PA_2022;23/11/2022;Nido11_axy30_pichonA_23112022_S1;13;B;A;Begging;B_consp;315175;315817;642;40
N11_PA_2022;23/11/2022;Nido11_axy30_pichonA_23112022_S1;13;B;A;Active_Others;A_downward;315818;316036;218;41
N11_PA_2022;23/11/2022;Nido11_axy30_pichonA_23112022_S1;13;B;A;Active_Others;A_shaking;316037;316069;32;42
N11_PA_2022;23/11/2022;Nido11_axy30_pichonA_23112022_S1;13;B;A;Active_Others;A_upward;316070;316240;170;43
N11_PA_2022;23/11/2022;Nido11_axy30_pichonA_23112022_S1;13;B;A;Begging;B_consp;316241;316913;672;44
N11_PA_2022;23/11/2022;Nido11_axy30_pichonA_23112022_S1;13;B;A;Active_Others;A_upward;316914;317599;685;45
N11_PA_2022;23/11/2022;Nido11_axy30_pichonA_23112022_S1;13;B;A;Active_Others;A_shaking;317600;317633;33;46
N11_PA_2022;23/11/2022;Nido11_axy30_pichonA_23112022_S1;13;B;A;Active_Others;A_upward;317634;318461;827;47
N11_PA_2022;23/11/2022;Nido11_axy30_pichonA_23112022_S1;13;B;A;Active_Others;A_downward;318462;318977;515;48
N11_PA_2022;23/11/2022;Nido11_axy30_pichonA_23112022_S1;13;B;A;Active_Others;A_upward;318978;319288;310;49
N11_PA_2022;23/11/2022;Nido11_axy30_pichonA_23112022_S1;13;B;A;Active_Others;A_downward;319289;319935;646;50
N11_PA_2022;23/11/2022;Nido11_axy30_pichonA_23112022_S1;13;B;A;Active_Others;A_upward;319936;320223;287;51
N11_PA_2022;23/11/2022;Nido11_axy30_pichonA_23112022_S1;13;B;A;Active_Others;A_downward;320224;320537;313;52
N11_PA_2022;23/11/2022;Nido11_axy30_pichonA_23112022_S1;13;B;A;Active_Others;A_upward;320538;321246;708;53
N11_PA_2022;23/11/2022;Nido11_axy30_pichonA_23112022_S1;13;B;A;Active_Others;A_downward;321247;321515;268;54
N11_PA_2022;23/11/2022;Nido11_axy30_pichonA_23112022_S1;13;B;A;Active_Others;A_upward;321516;322586;1070;55
N11_PA_2022;23/11/2022;Nido11_axy30_pichonA_23112022_S1;13;B;A;Active_Others;A_downward;322587;322727;140;56
N11_PA_2022;23/11/2022;Nido11_axy30_pichonA_23112022_S1;13;B;A;Active_Others;A_upward;322728;322959;231;57
N11_PA_2022;23/11/2022;Nido11_axy30_pichonA_23112022_S1;13;B;A;Active_Others;A_shaking;322960;323028;68;58
N11_PA_2022;23/11/2022;Nido11_axy30_pichonA_23112022_S1;13;B;A;Active_Others;A_upward;323029;323915;886;59
N11_PA_2022;23/11/2022;Nido11_axy30_pichonA_23112022_S1;13;B;A;Active_Others;A_downward;323916;324039;123;60
N11_PA_2022;23/11/2022;Nido11_axy30_pichonA_23112022_S1;13;B;A;Active_Others;A_upward;324040;325186;1146;61
N11_PA_2022;23/11/2022;Nido11_axy30_pichonA_23112022_S1;13;B;A;Active_Others;A_downward;325187;325422;235;62
N11_PA_2022;23/11/2022;Nido11_axy30_pichonA_23112022_S1;13;B;A;Active_Others;A_upward;325423;325787;364;63
N11_PA_2022;23/11/2022;Nido11_axy30_pichonA_23112022_S1;13;B;A;Active_Others;A_downward;325788;326016;228;64
N11_PA_2022;23/11/2022;Nido11_axy30_pichonA_23112022_S1;13;B;A;Active_Others;A_upward;326017;326753;736;65
N11_PA_2022;23/11/2022;Nido11_axy30_pichonA_23112022_S1;13;B;A;Active_Others;A_downward;326754;326804;50;66
N11_PA_2022;23/11/2022;Nido11_axy30_pichonA_23112022_S1;13;B;A;Active_Others;A_upward;326805;326976;171;67
N11_PA_2022;23/11/2022;Nido11_axy30_pichonA_23112022_S1;13;B;A;Active_Others;A_downward;326977;327133;156;68
N11_PA_2022;23/11/2022;Nido11_axy30_pichonA_23112022_S1;13;B;A;Active_Others;A_upward;327134;327452;318;69
N11_PA_2022;23/11/2022;Nido11_axy30_pichonA_23112022_S1;13;B;A;Active_Others;A_shaking;327453;327525;72;70
N11_PA_2022;23/11/2022;Nido11_axy30_pichonA_23112022_S1;13;B;A;Active_Others;A_upward;327526;328211;685;71
N11_PA_2022;23/11/2022;Nido11_axy30_pichonA_23112022_S1;13;B;A;Active_Others;A_shaking;328212;328263;51;72
N11_PA_2022;23/11/2022;Nido11_axy30_pichonA_23112022_S1;13;B;A;Active_Others;A_downward;328264;328364;100;73
N11_PA_2022;23/11/2022;Nido11_axy30_pichonA_23112022_S1;13;B;A;Active_Others;A_upward;328365;328703;338;74
N11_PA_2022;23/11/2022;Nido11_axy30_pichonA_23112022_S1;13;B;A;Active_Others;A_shaking;328704;328759;55;75
N11_PA_2022;23/11/2022;Nido11_axy30_pichonA_23112022_S1;13;B;A;Active_Others;A_upward;328760;329767;1007;76
N11_PA_2022;23/11/2022;Nido11_axy30_pichonA_23112022_S1;13;B;A;Active_Others;A_downward;329768;329947;179;77
N11_PA_2022;23/11/2022;Nido11_axy30_pichonA_23112022_S1;13;B;A;Active_Others;A_upward;329948;330713;765;78
N11_PA_2022;23/11/2022;Nido11_axy30_pichonA_23112022_S1;13;B;A;Active_Others;A_downward;330714;330820;106;79
N11_PA_2022;23/11/2022;Nido11_axy30_pichonA_23112022_S1;13;B;A;Active_Others;A_upward;330821;330916;95;80
N11_PA_2022;23/11/2022;Nido11_axy30_pichonA_23112022_S1;13;B;A;Active_Others;A_shaking;330917;330985;68;81
N11_PA_2022;23/11/2022;Nido11_axy30_pichonA_23112022_S1;13;B;A;Active_Others;A_upward;330986;331183;197;82
N11_PA_2022;23/11/2022;Nido11_axy30_pichonA_23112022_S1;13;B;A;Active_Others;A_downward;331184;331839;655;83
N11_PA_2022;23/11/2022;Nido11_axy30_pichonA_23112022_S1;13;B;A;Active_Others;A_upward;331840;333221;1381;84
N11_PA_2022;23/11/2022;Nido11_axy30_pichonA_23112022_S1;13;B;A;Active_Others;A_downward;333222;333458;236;85
N11_PA_2022;23/11/2022;Nido11_axy30_pichonA_23112022_S1;13;B;A;Active_Others;A_upward;333459;334362;903;86
N11_PA_2022;23/11/2022;Nido11_axy30_pichonA_23112022_S1;13;B;A;Active_Others;A_shaking;334363;334443;80;87
N11_PA_2022;23/11/2022;Nido11_axy30_pichonA_23112022_S1;13;B;A;Active_Others;A_upward;334444;335329;885;88
N11_PA_2022;23/11/2022;Nido11_axy30_pichonA_23112022_S1;13;B;A;Active_Others;A_shaking;335330;335411;81;89
N11_PA_2022;23/11/2022;Nido11_axy30_pichonA_23112022_S1;13;B;A;Active_Others;A_downward;335412;335540;128;90
N11_PA_2022;23/11/2022;Nido11_axy30_pichonA_23112022_S1;13;B;A;Active_Others;A_upward;335541;336123;582;91
N11_PA_2022;23/11/2022;Nido11_axy30_pichonA_23112022_S1;13;B;A;Active_Others;A_downward;336124;336269;145;92
N11_PA_2022;23/11/2022;Nido11_axy30_pichonA_23112022_S1;13;B;A;Active_Others;A_upward;336270;336835;565;93
N11_PA_2022;23/11/2022;Nido11_axy30_pichonA_23112022_S1;13;B;A;Active_Others;A_downward;336836;336915;79;94
N11_PA_2022;23/11/2022;Nido11_axy30_pichonA_23112022_S1;13;B;A;Active_Others;A_upward;336916;337106;190;95
N11_PA_2022;23/11/2022;Nido11_axy30_pichonA_23112022_S1;13;B;A;Active_Others;A_downward;337107;337149;42;96
N11_PA_2022;23/11/2022;Nido11_axy30_pichonA_23112022_S1;13;B;A;Active_Others;A_upward;337150;337212;62;97
N11_PA_2022;23/11/2022;Nido11_axy30_pichonA_23112022_S1;13;B;A;Active_Others;A_downward;337213;337237;24;98
N11_PA_2022;23/11/2022;Nido11_axy30_pichonA_23112022_S1;13;B;A;Active_Others;A_upward;337238;337493;255;99
N11_PA_2022;23/11/2022;Nido11_axy30_pichonA_23112022_S1;13;B;A;Active_Others;A_downward;337494;337721;227;100
N11_PA_2022;23/11/2022;Nido11_axy30_pichonA_23112022_S1;13;B;A;Active_Others;A_upward;337722;337945;223;101
N11_PA_2022;23/11/2022;Nido11_axy30_pichonA_23112022_S1;13;B;A;Active_Others;A_downward;337946;338119;173;102
N11_PA_2022;23/11/2022;Nido11_axy30_pichonA_23112022_S1;13;B;A;Active_Others;A_upward;338120;338318;198;103
N11_PA_2022;23/11/2022;Nido11_axy30_pichonA_23112022_S1;13;B;A;Active_Others;A_downward;338319;338486;167;104
N11_PA_2022;23/11/2022;Nido11_axy30_pichonA_23112022_S1;13;B;A;Active_Others;A_upward;338487;338603;116;105
N11_PA_2022;23/11/2022;Nido11_axy30_pichonA_23112022_S1;13;B;A;Active_Others;A_downward;338604;338655;51;106
N11_PA_2022;23/11/2022;Nido11_axy30_pichonA_23112022_S1;13;B;A;Begging;B_consp;338656;340237;1581;107
N11_PA_2022;23/11/2022;Nido11_axy30_pichonA_23112022_S1;13;B;A;Begging;B_pause;340238;340294;56;108
N11_PA_2022;23/11/2022;Nido11_axy30_pichonA_23112022_S1;13;B;A;Begging;B_consp;340295;341850;1555;109
N11_PA_2022;23/11/2022;Nido11_axy30_pichonA_23112022_S1;13;B;A;Eating;E_long;341851;343078;1227;110
N11_PA_2022;23/11/2022;Nido11_axy30_pichonA_23112022_S1;13;B;A;Active_Others;A_upward;343079;343624;545;111
N11_PA_2022;23/11/2022;Nido11_axy30_pichonA_23112022_S1;13;B;A;Active_Others;A_downward;343625;343814;189;112
N11_PA_2022;23/11/2022;Nido11_axy30_pichonA_23112022_S1;13;B;A;Active_Others;A_upward;343815;344761;946;113
N11_PA_2022;23/11/2022;Nido11_axy30_pichonA_23112022_S1;13;B;A;Active_Others;A_shaking;344762;344835;73;114
N11_PA_2022;23/11/2022;Nido11_axy30_pichonA_23112022_S1;13;B;A;Active_Others;A_upward;344836;345103;267;115
N11_PA_2022;23/11/2022;Nido11_axy30_pichonA_23112022_S1;13;B;A;Active_Others;A_downward;345104;345263;159;116
N11_PA_2022;23/11/2022;Nido11_axy30_pichonA_23112022_S1;13;B;A;Active_Others;A_upward;345264;346404;1140;117
N11_PA_2022;23/11/2022;Nido11_axy30_pichonA_23112022_S1;13;B;A;Active_Others;A_downward;346405;346537;132;118
N11_PA_2022;23/11/2022;Nido11_axy30_pichonA_23112022_S1;13;B;A;Active_Others;A_upward;346538;347571;1033;119
N11_PA_2022;23/11/2022;Nido11_axy30_pichonA_23112022_S1;13;B;A;Active_Others;A_downward;347572;347646;74;120
N11_PA_2022;23/11/2022;Nido11_axy30_pichonA_23112022_S1;13;B;A;Active_Others;A_upward;347647;348343;696;121
N11_PA_2022;23/11/2022;Nido11_axy30_pichonA_23112022_S1;13;B;A;Active_Others;A_shaking;348344;348410;66;122
N11_PA_2022;23/11/2022;Nido11_axy30_pichonA_23112022_S1;13;B;A;Active_Others;A_upward;348411;348834;423;123
N11_PA_2022;23/11/2022;Nido11_axy30_pichonA_23112022_S1;13;B;A;Active_Others;A_downward;348835;349088;253;124
N11_PA_2022;23/11/2022;Nido11_axy30_pichonA_23112022_S1;13;B;A;Active_Others;A_upward;349089;349126;37;125
N11_PA_2022;23/11/2022;Nido11_axy30_pichonA_23112022_S1;13;B;A;Active_Others;A_downward;349127;349437;310;126
N11_PA_2022;23/11/2022;Nido11_axy30_pichonA_23112022_S1;13;B;A;Active_Others;A_upward;349438;349947;509;127
N11_PA_2022;23/11/2022;Nido11_axy30_pichonA_23112022_S1;13;B;A;Active_Others;A_shaking;349948;350001;53;128
N11_PA_2022;23/11/2022;Nido11_axy30_pichonA_23112022_S1;13;B;A;Active_Others;A_upward;350002;351057;1055;129
N11_PA_2022;23/11/2022;Nido11_axy30_pichonA_23112022_S1;13;B;A;Active_Others;A_downward;351058;351390;332;130
N11_PA_2022;23/11/2022;Nido11_axy30_pichonA_23112022_S1;13;B;A;Active_Others;A_upward;351391;352612;1221;131
N11_PA_2022;23/11/2022;Nido11_axy30_pichonA_23112022_S1;13;B;A;Active_Others;A_downward;352613;352880;267;132
N11_PA_2022;23/11/2022;Nido11_axy30_pichonA_23112022_S1;13;B;A;Active_Others;A_upward;352881;353532;651;133
N11_PA_2022;23/11/2022;Nido11_axy30_pichonA_23112022_S1;13;B;A;Active_Others;A_shaking;353533;353606;73;134
N11_PA_2022;23/11/2022;Nido11_axy30_pichonA_23112022_S1;13;B;A;Active_Others;A_upward;353607;354306;699;135
N11_PA_2022;23/11/2022;Nido11_axy30_pichonA_23112022_S1;13;B;A;Active_Others;A_shaking;354307;354367;60;136
N11_PA_2022;23/11/2022;Nido11_axy30_pichonA_23112022_S1;13;B;A;Active_Others;A_upward;354368;355826;1458;137
N11_PA_2022;23/11/2022;Nido11_axy30_pichonA_23112022_S1;13;B;A;Active_Others;A_shaking;355827;355876;49;138
N11_PA_2022;23/11/2022;Nido11_axy30_pichonA_23112022_S1;13;B;A;Active_Others;A_downward;355877;355932;55;139
N11_PA_2022;23/11/2022;Nido11_axy30_pichonA_23112022_S1;13;B;A;Active_Others;A_upward;355933;356590;657;140
N11_PA_2022;23/11/2022;Nido11_axy30_pichonA_23112022_S1;13;B;A;Active_Others;A_downward;356591;357115;524;141
N11_PA_2022;23/11/2022;Nido11_axy30_pichonA_23112022_S1;13;B;A;Active_Others;A_upward;357116;357423;307;142
N11_PA_2022;23/11/2022;Nido11_axy30_pichonA_23112022_S1;13;B;A;Active_Others;A_downward;357424;357515;91;143
N11_PA_2022;23/11/2022;Nido11_axy30_pichonA_23112022_S1;13;B;A;Active_Others;A_upward;357516;357911;395;144
N11_PA_2022;23/11/2022;Nido11_axy30_pichonA_23112022_S1;13;B;A;Resting;R;357912;358090;178;145
N11_PA_2022;23/11/2022;Nido11_axy30_pichonA_23112022_S1;13;B;A;Active_Others;A_upward;358091;358682;591;146
N11_PA_2022;23/11/2022;Nido11_axy30_pichonA_23112022_S1;13;B;A;Begging;B_consp;358683;359360;677;147
N11_PA_2022;23/11/2022;Nido11_axy30_pichonA_23112022_S1;13;B;A;Active_Others;A_downward;359361;359412;51;148
N11_PA_2022;23/11/2022;Nido11_axy30_pichonA_23112022_S1;13;B;A;Active_Others;A_upward;359413;359509;96;149
N11_PA_2022;23/11/2022;Nido11_axy30_pichonA_23112022_S1;13;B;A;Active_Others;A_downward;359510;359588;78;150
N11_PA_2022;23/11/2022;Nido11_axy30_pichonA_23112022_S1;13;B;A;Active_Others;A_upward;359589;360418;829;151
N11_PA_2022;23/11/2022;Nido11_axy30_pichonA_23112022_S1;13;B;A;Active_Others;A_downward;360419;360991;572;152
N11_PA_2022;23/11/2022;Nido11_axy30_pichonA_23112022_S1;13;B;A;Active_Others;A_upward;360992;361166;174;153
N11_PA_2022;23/11/2022;Nido11_axy30_pichonA_23112022_S1;13;B;A;Active_Others;A_downward;361167;361199;32;154
N11_PA_2022;23/11/2022;Nido11_axy30_pichonA_23112022_S1;13;B;A;Active_Others;A_upward;361200;361358;158;155
N11_PA_2022;23/11/2022;Nido11_axy30_pichonA_23112022_S1;13;B;A;Active_Others;A_downward;361359;361443;84;156
N11_PA_2022;23/11/2022;Nido11_axy30_pichonA_23112022_S1;13;B;A;Active_Others;A_upward;361444;362549;1105;157
N11_PA_2022;23/11/2022;Nido11_axy30_pichonA_23112022_S1;13;B;A;Active_Others;A_downward;362550;362740;190;158
N11_PA_2022;23/11/2022;Nido11_axy30_pichonA_23112022_S1;13;B;A;Active_Others;A_upward;362741;363253;512;159
N11_PA_2022;23/11/2022;Nido11_axy30_pichonA_23112022_S1;13;B;A;Active_Others;A_downward;363254;363349;95;160
N11_PA_2022;23/11/2022;Nido11_axy30_pichonA_23112022_S1;13;B;A;Active_Others;A_upward;363350;365271;1921;161
N11_PA_2022;23/11/2022;Nido11_axy30_pichonA_23112022_S1;13;B;A;Active_Others;A_downward;365272;365607;335;162
N11_PA_2022;23/11/2022;Nido11_axy30_pichonA_23112022_S1;13;B;A;Active_Others;A_upward;365608;365844;236;163
N11_PA_2022;23/11/2022;Nido11_axy30_pichonA_23112022_S1;13;B;A;Active_Others;A_shaking;365845;365862;17;164
N11_PA_2022;23/11/2022;Nido11_axy30_pichonA_23112022_S1;13;B;A;Active_Others;A_upward;365863;367190;1327;165
N11_PA_2022;23/11/2022;Nido11_axy30_pichonA_23112022_S1;13;B;A;Active_Others;A_downward;367191;367221;30;166
N11_PA_2022;23/11/2022;Nido11_axy30_pichonA_23112022_S1;13;B;A;Active_Others;A_upward;367222;368710;1488;167
N11_PA_2022;23/11/2022;Nido11_axy30_pichonA_23112022_S1;13;B;A;Active_Others;A_shaking;368711;368737;26;168
N11_PA_2022;23/11/2022;Nido11_axy30_pichonA_23112022_S1;13;B;A;Active_Others;A_upward;368738;369061;323;169
N11_PA_2022;23/11/2022;Nido11_axy30_pichonA_23112022_S1;13;B;A;Active_Others;A_shaking;369062;369116;54;170
N11_PA_2022;23/11/2022;Nido11_axy30_pichonA_23112022_S1;13;B;A;Active_Others;A_upward;369117;372181;3064;171
N11_PA_2022;23/11/2022;Nido11_axy30_pichonA_23112022_S1;13;B;A;Active_Others;A_downward;372182;372364;182;172
N11_PA_2022;23/11/2022;Nido11_axy30_pichonA_23112022_S1;13;B;A;Active_Others;A_upward;372365;373232;867;173
N11_PA_2022;23/11/2022;Nido11_axy30_pichonA_23112022_S1;13;B;A;Active_Others;A_shaking;373233;373275;42;174
N11_PA_2022;23/11/2022;Nido11_axy30_pichonA_23112022_S1;13;B;A;Active_Others;A_upward;373276;374823;1547;175
N11_PA_2022;23/11/2022;Nido11_axy30_pichonA_23112022_S1;13;B;A;Active_Others;A_downward;374824;374896;72;176
N11_PA_2022;23/11/2022;Nido11_axy30_pichonA_23112022_S1;13;B;A;Active_Others;A_upward;374897;376111;1214;177
N11_PA_2022;23/11/2022;Nido11_axy30_pichonA_23112022_S1;13;B;A;Active_Others;A_downward;376112;376427;315;178
N11_PA_2022;23/11/2022;Nido11_axy30_pichonA_23112022_S1;13;B;A;Active_Others;A_upward;376428;377344;916;179
N11_PA_2022;23/11/2022;Nido11_axy30_pichonA_23112022_S1;13;B;A;Active_Others;A_shaking;377345;377396;51;180
N11_PA_2022;23/11/2022;Nido11_axy30_pichonA_23112022_S1;13;B;A;Active_Others;A_upward;377397;378621;1224;181
N11_PA_2022;23/11/2022;Nido11_axy30_pichonA_23112022_S1;13;B;A;Active_Others;A_shaking;378622;378695;73;182
N11_PA_2022;23/11/2022;Nido11_axy30_pichonA_23112022_S1;13;B;A;Active_Others;A_downward;378696;378901;205;183
N11_PA_2022;23/11/2022;Nido11_axy30_pichonA_23112022_S1;13;B;A;Active_Others;A_upward;378902;379851;949;184
N11_PA_2022;23/11/2022;Nido11_axy30_pichonA_23112022_S1;13;B;A;Active_Others;A_shaking;379852;379904;52;185
N11_PA_2022;23/11/2022;Nido11_axy30_pichonA_23112022_S1;13;B;A;Active_Others;A_upward;379905;381370;1465;186
N11_PA_2022;23/11/2022;Nido11_axy30_pichonA_23112022_S1;13;B;A;Active_Others;A_shaking;381371;381434;63;187
N11_PA_2022;23/11/2022;Nido11_axy30_pichonA_23112022_S1;13;B;A;Active_Others;A_upward;381435;382701;1266;188
N11_PA_2022;23/11/2022;Nido11_axy30_pichonA_23112022_S1;13;B;A;Active_Others;A_shaking;382702;382763;61;189
N11_PA_2022;23/11/2022;Nido11_axy30_pichonA_23112022_S1;13;B;A;Active_Others;A_upward;382764;383522;758;190
N11_PA_2022;23/11/2022;Nido11_axy30_pichonA_23112022_S1;13;B;A;Active_Others;A_shaking;383523;383585;62;191
N11_PA_2022;23/11/2022;Nido11_axy30_pichonA_23112022_S1;13;B;A;Active_Others;A_upward;383586;385194;1608;192
N11_PA_2022;23/11/2022;Nido11_axy30_pichonA_23112022_S1;13;B;A;Active_Others;A_downward;385195;385720;525;193
N11_PA_2022;23/11/2022;Nido11_axy30_pichonA_23112022_S1;13;B;A;Active_Others;A_upward;385721;385777;56;194
N11_PA_2022;23/11/2022;Nido11_axy30_pichonA_23112022_S1;13;B;A;Active_Others;A_downward;385778;385806;28;195
N11_PA_2022;23/11/2022;Nido11_axy30_pichonA_23112022_S1;13;B;A;Active_Others;A_upward;385807;386068;261;196
N11_PA_2022;23/11/2022;Nido11_axy30_pichonA_23112022_S1;13;B;A;Active_Others;A_downward;386069;386106;37;197
N11_PA_2022;23/11/2022;Nido11_axy30_pichonA_23112022_S1;13;B;A;Active_Others;A_upward;386107;387058;951;198
N11_PA_2022;23/11/2022;Nido11_axy30_pichonA_23112022_S1;13;B;A;Active_Others;A_downward;387059;387111;52;199
N11_PA_2022;23/11/2022;Nido11_axy30_pichonA_23112022_S1;13;B;A;Active_Others;A_upward;387112;387559;447;200
N11_PA_2022;23/11/2022;Nido11_axy30_pichonA_23112022_S1;13;B;A;Active_Others;A_shaking;387560;387635;75;201
N11_PA_2022;23/11/2022;Nido11_axy30_pichonA_23112022_S1;13;B;A;Active_Others;A_upward;387636;390914;3278;202
N11_PA_2022;23/11/2022;Nido11_axy30_pichonA_23112022_S1;13;B;A;Active_Others;A_shaking;390915;390971;56;203
N11_PA_2022;23/11/2022;Nido11_axy30_pichonA_23112022_S1;13;B;A;Active_Others;A_downward;390972;391026;54;204
N11_PA_2022;23/11/2022;Nido11_axy30_pichonA_23112022_S1;13;B;A;Active_Others;A_upward;391027;391536;509;205
N11_PA_2022;23/11/2022;Nido11_axy30_pichonA_23112022_S1;13;B;A;Active_Others;A_shaking;391537;391565;28;206
N11_PA_2022;23/11/2022;Nido11_axy30_pichonA_23112022_S1;13;B;A;Active_Others;A_upward;391566;392678;1112;207
N11_PA_2022;23/11/2022;Nido11_axy30_pichonA_23112022_S1;13;B;A;Active_Others;A_downward;392679;392803;124;208
N11_PA_2022;23/11/2022;Nido11_axy30_pichonA_23112022_S1;13;B;A;Active_Others;A_upward;392804;393519;715;209
N11_PA_2022;23/11/2022;Nido11_axy30_pichonA_23112022_S1;13;B;A;Active_Others;A_downward;393520;393670;150;210
N11_PA_2022;23/11/2022;Nido11_axy30_pichonA_23112022_S1;13;B;A;Active_Others;A_shaking;393671;393732;61;211
N11_PA_2022;23/11/2022;Nido11_axy30_pichonA_23112022_S1;13;B;A;Active_Others;A_downward;393733;394268;535;212
N11_PA_2022;23/11/2022;Nido11_axy30_pichonA_23112022_S1;13;B;A;Active_Others;A_upward;394269;394945;676;213
N11_PA_2022;23/11/2022;Nido11_axy30_pichonA_23112022_S1;13;B;A;Active_Others;A_downward;394946;395056;110;214
N11_PA_2022;23/11/2022;Nido11_axy30_pichonA_23112022_S1;13;B;A;Active_Others;A_upward;395057;397521;2464;215
N11_PA_2022;23/11/2022;Nido11_axy30_pichonA_23112022_S1;13;B;A;Active_Others;A_downward;397522;397679;157;216
N11_PA_2022;23/11/2022;Nido11_axy30_pichonA_23112022_S1;13;B;A;Active_Others;A_upward;397680;399089;1409;217
N11_PA_2022;23/11/2022;Nido11_axy30_pichonA_23112022_S1;13;B;A;Active_Others;A_shaking;399090;399151;61;218
N11_PA_2022;23/11/2022;Nido11_axy30_pichonA_23112022_S1;13;B;A;Active_Others;A_downward;399152;399826;674;219
N11_PA_2022;23/11/2022;Nido11_axy30_pichonA_23112022_S1;13;B;A;Active_Others;A_upward;399827;399847;20;220
N11_PA_2022;23/11/2022;Nido11_axy30_pichonA_23112022_S1;13;B;A;Active_Others;A_shaking;399848;399927;79;221
N11_PA_2022;23/11/2022;Nido11_axy30_pichonA_23112022_S1;13;B;A;Active_Others;A_upward;399928;400695;767;222
N11_PA_2022;23/11/2022;Nido11_axy30_pichonA_23112022_S1;13;B;A;Active_Others;A_downward;400696;400831;135;223
N11_PA_2022;23/11/2022;Nido11_axy30_pichonA_23112022_S1;13;B;A;Active_Others;A_upward;400832;401947;1115;224
N11_PA_2022;23/11/2022;Nido11_axy30_pichonA_23112022_S1;13;B;A;Active_Others;A_downward;401948;401974;26;225
N11_PA_2022;23/11/2022;Nido11_axy30_pichonA_23112022_S1;13;B;A;Active_Others;A_upward;401975;403228;1253;226
N11_PA_2022;23/11/2022;Nido11_axy30_pichonA_23112022_S1;13;B;A;Active_Others;A_shaking;403229;403261;32;227
N11_PA_2022;23/11/2022;Nido11_axy30_pichonA_23112022_S1;13;B;A;Active_Others;A_upward;403262;404580;1318;228
N11_PA_2022;23/11/2022;Nido11_axy30_pichonA_23112022_S1;13;B;A;Active_Others;A_downward;404581;404671;90;229
N11_PA_2022;23/11/2022;Nido11_axy30_pichonA_23112022_S1;13;B;A;Active_Others;A_upward;404672;405559;887;230
N11_PA_2022;23/11/2022;Nido11_axy30_pichonA_23112022_S1;13;B;A;Active_Others;A_downward;405560;405614;54;231
N11_PA_2022;23/11/2022;Nido11_axy30_pichonA_23112022_S1;13;B;A;Active_Others;A_upward;405615;407070;1455;232
N11_PA_2022;23/11/2022;Nido11_axy30_pichonA_23112022_S1;13;B;A;Active_Others;A_downward;407071;407433;362;233
N11_PA_2022;23/11/2022;Nido11_axy30_pichonA_23112022_S1;13;B;A;Active_Others;A_upward;407434;408169;735;234
N12_PA_2022;23/11/2022;Nido12_axy31_pichonA_23112022_S1;11;B;A;Begging;B_consp;630983;631860;877;1
N12_PA_2022;23/11/2022;Nido12_axy31_pichonA_23112022_S1;11;B;A;Begging;B_pause;631861;631894;33;2
N12_PA_2022;23/11/2022;Nido12_axy31_pichonA_23112022_S1;11;B;A;Begging;B_consp;631895;634090;2195;3
N12_PA_2022;23/11/2022;Nido12_axy31_pichonA_23112022_S1;11;B;A;Eating;E_long;634091;634976;885;4
N12_PA_2022;23/11/2022;Nido12_axy31_pichonA_23112022_S1;11;B;A;Active_Others;Swallowing;634977;635116;139;5
N12_PA_2022;23/11/2022;Nido12_axy31_pichonA_23112022_S1;11;B;A;Begging;B_consp;635117;638943;3826;6
N12_PA_2022;23/11/2022;Nido12_axy31_pichonA_23112022_S1;11;B;A;Eating;E_long;638944;639655;711;7
N12_PA_2022;23/11/2022;Nido12_axy31_pichonA_23112022_S1;11;B;A;Active_Others;A_upward;639656;639985;329;8
N12_PA_2022;23/11/2022;Nido12_axy31_pichonA_23112022_S1;11;B;A;Begging;B_consp;639986;640991;1005;9
N12_PA_2022;23/11/2022;Nido12_axy31_pichonA_23112022_S1;11;B;A;Begging;B_pause;640992;641039;47;10
N12_PA_2022;23/11/2022;Nido12_axy31_pichonA_23112022_S1;11;B;A;Begging;B_consp;641040;645014;3974;11
N12_PA_2022;23/11/2022;Nido12_axy31_pichonA_23112022_S1;11;B;A;Eating;E_long;645015;645456;441;12
N12_PA_2022;23/11/2022;Nido12_axy31_pichonA_23112022_S1;11;B;A;Begging;B_consp;645457;647566;2109;13
N12_PA_2022;23/11/2022;Nido12_axy31_pichonA_23112022_S1;11;B;A;Eating;E_long;647567;648101;534;14
N12_PA_2022;23/11/2022;Nido12_axy31_pichonA_23112022_S1;11;B;A;Begging;B_consp;648102;650185;2083;15
N12_PA_2022;23/11/2022;Nido12_axy31_pichonA_23112022_S1;11;B;A;Eating;E_long;650186;650898;712;16
N12_PA_2022;23/11/2022;Nido12_axy31_pichonA_23112022_S1;11;B;A;Begging;B_consp;650899;652566;1667;17
N12_PA_2022;23/11/2022;Nido12_axy31_pichonA_23112022_S1;11;B;A;Begging;B_pause;652567;652654;87;18
N12_PA_2022;23/11/2022;Nido12_axy31_pichonA_23112022_S1;11;B;A;Begging;B_consp;652655;656088;3433;19
N12_PA_2022;23/11/2022;Nido12_axy31_pichonA_23112022_S1;11;B;A;Eating;E_long;656089;656922;833;20
N12_PA_2022;23/11/2022;Nido12_axy31_pichonA_23112022_S1;11;B;A;Begging;B_consp;656923;661173;4250;21
N12_PA_2022;23/11/2022;Nido12_axy31_pichonA_23112022_S1;11;B;A;Eating;E_long;661174;661913;739;22
N12_PA_2022;23/11/2022;Nido12_axy31_pichonA_23112022_S1;11;B;A;Active_Others;A_upward;661914;663488;1574;23
N12_PA_2022;23/11/2022;Nido12_axy31_pichonA_23112022_S1;11;B;A;Begging;B_consp;663489;664577;1088;24
N12_PA_2022;23/11/2022;Nido12_axy31_pichonA_23112022_S1;11;B;A;Begging;B_pause;664578;664675;97;25
N12_PA_2022;23/11/2022;Nido12_axy31_pichonA_23112022_S1;11;B;A;Begging;B_consp;664676;665454;778;26
N12_PA_2022;23/11/2022;Nido12_axy31_pichonA_23112022_S1;11;B;A;Eating;E_short;665455;665536;81;27
N12_PA_2022;23/11/2022;Nido12_axy31_pichonA_23112022_S1;11;B;A;Begging;B_consp;665537;667760;2223;28
N12_PA_2022;23/11/2022;Nido12_axy31_pichonA_23112022_S1;11;B;A;Begging;B_pause;667761;667890;129;29
N12_PA_2022;23/11/2022;Nido12_axy31_pichonA_23112022_S1;11;B;A;Begging;B_consp;667891;669920;2029;30
N12_PA_2022;23/11/2022;Nido12_axy31_pichonA_23112022_S1;11;B;A;Eating;E_short;669921;670006;85;31
N12_PA_2022;23/11/2022;Nido12_axy31_pichonA_23112022_S1;11;B;A;Begging;B_consp;670007;673678;3671;32
N12_PA_2022;23/11/2022;Nido12_axy31_pichonA_23112022_S1;11;B;A;Begging;B_pause;673679;673776;97;33
N12_PA_2022;23/11/2022;Nido12_axy31_pichonA_23112022_S1;11;B;A;Begging;B_consp;673777;674337;560;34
N12_PA_2022;23/11/2022;Nido12_axy31_pichonA_23112022_S1;11;B;A;Begging;B_pause;674338;674426;88;35
N12_PA_2022;23/11/2022;Nido12_axy31_pichonA_23112022_S1;11;B;A;Begging;B_consp;674427;675094;667;36
N12_PA_2022;23/11/2022;Nido12_axy31_pichonA_23112022_S1;11;B;A;Eating;E_short;675095;675176;81;37
N12_PA_2022;23/11/2022;Nido12_axy31_pichonA_23112022_S1;11;B;A;Begging;B_consp;675177;676181;1004;38
N12_PA_2022;23/11/2022;Nido12_axy31_pichonA_23112022_S1;11;B;A;Active_Others;A_upward_stealingFood;676182;676301;119;39
N12_PA_2022;23/11/2022;Nido12_axy31_pichonA_23112022_S1;11;B;A;Begging;B_consp;676302;677066;764;40
N12_PA_2022;23/11/2022;Nido12_axy31_pichonA_23112022_S1;11;B;A;Eating;E_long;677067;678022;955;41
N12_PA_2022;23/11/2022;Nido12_axy31_pichonA_23112022_S1;11;B;A;Active_Others;Swallowing;678023;678667;644;42
N12_PA_2022;23/11/2022;Nido12_axy31_pichonA_23112022_S1;11;B;A;Begging;B_consp;678668;680747;2079;43
N12_PA_2022;23/11/2022;Nido12_axy31_pichonA_23112022_S1;11;B;A;Begging;B_pause;680748;680832;84;44
N12_PA_2022;23/11/2022;Nido12_axy31_pichonA_23112022_S1;11;B;A;Begging;B_consp;680833;681100;267;45
N12_PA_2022;23/11/2022;Nido12_axy31_pichonA_23112022_S1;11;B;A;Begging;B_pause;681101;681222;121;46
N12_PA_2022;23/11/2022;Nido12_axy31_pichonA_23112022_S1;11;B;A;Begging;B_consp;681223;681448;225;47
N12_PA_2022;23/11/2022;Nido12_axy31_pichonA_23112022_S1;11;B;A;Active_Others;A_shaking;681449;681466;17;48
N12_PA_2022;23/11/2022;Nido12_axy31_pichonA_23112022_S1;11;B;A;Begging;B_consp;681467;683016;1549;49
N12_PA_2022;23/11/2022;Nido12_axy31_pichonA_23112022_S1;11;B;A;Active_Others;A_upward;683017;683519;502;50
N12_PA_2022;23/11/2022;Nido12_axy31_pichonA_23112022_S1;11;B;A;Active_Others;A_shaking;683520;683547;27;51
N12_PA_2022;23/11/2022;Nido12_axy31_pichonA_23112022_S1;11;B;A;Active_Others;A_upward;683548;684481;933;52
N12_PA_2022;23/11/2022;Nido12_axy31_pichonA_23112022_S1;11;B;A;Active_Others;A_shaking;684482;684519;37;53
N12_PA_2022;23/11/2022;Nido12_axy31_pichonA_23112022_S1;11;B;A;Active_Others;A_upward;684520;685880;1360;54
N12_PA_2022;23/11/2022;Nido12_axy31_pichonA_23112022_S1;11;B;A;Active_Others;A_shaking;685881;685906;25;55
N12_PA_2022;23/11/2022;Nido12_axy31_pichonA_23112022_S1;11;B;A;Active_Others;A_upward;685907;687168;1261;56
N12_PA_2022;23/11/2022;Nido12_axy31_pichonA_23112022_S1;11;B;A;Begging;B_consp;687169;687371;202;57
N12_PA_2022;23/11/2022;Nido12_axy31_pichonA_23112022_S1;11;B;A;Active_Others;A_upward;687372;687617;245;58
N12_PA_2022;23/11/2022;Nido12_axy31_pichonA_23112022_S1;11;B;A;Begging;B_consp;687618;687823;205;59
N12_PA_2022;23/11/2022;Nido12_axy31_pichonA_23112022_S1;11;B;A;Active_Others;A_upward;687824;688449;625;60
N12_PA_2022;23/11/2022;Nido12_axy31_pichonA_23112022_S1;11;B;A;Begging;B_consp;688450;688633;183;61
N12_PA_2022;23/11/2022;Nido12_axy31_pichonA_23112022_S1;11;B;A;Resting;R;688634;688892;258;62
N12_PA_2022;23/11/2022;Nido12_axy31_pichonA_23112022_S1;11;B;A;Active_Others;A_upward;688893;689058;165;63
N12_PA_2022;23/11/2022;Nido12_axy31_pichonA_23112022_S1;11;B;A;Resting;R;689059;691018;1959;64
N12_PA_2022;23/11/2022;Nido12_axy31_pichonA_23112022_S1;11;B;A;Begging;B_consp;691019;691236;217;65
N12_PA_2022;23/11/2022;Nido12_axy31_pichonA_23112022_S1;11;B;A;Active_Others;A_shaking;691237;691265;28;66
N12_PA_2022;23/11/2022;Nido12_axy31_pichonA_23112022_S1;11;B;A;Active_Others;A_upward;691266;691439;173;67
N12_PA_2022;23/11/2022;Nido12_axy31_pichonA_23112022_S1;11;B;A;Resting;R;691440;692461;1021;68
N12_PA_2022;23/11/2022;Nido12_axy31_pichonA_23112022_S1;11;B;A;Active_Others;A_upward;692462;692491;29;69
N12_PA_2022;23/11/2022;Nido12_axy31_pichonA_23112022_S1;11;B;A;Active_Others;A_shaking;692492;692515;23;70
N12_PA_2022;23/11/2022;Nido12_axy31_pichonA_23112022_S1;11;B;A;Active_Others;A_upward;692516;692607;91;71
N12_PA_2022;23/11/2022;Nido12_axy31_pichonA_23112022_S1;11;B;A;Resting;R;692608;693139;531;72
N12_PA_2022;23/11/2022;Nido12_axy31_pichonA_23112022_S1;11;B;A;Active_Others;A_upward;693140;693298;158;73
N12_PA_2022;23/11/2022;Nido12_axy31_pichonA_23112022_S1;11;B;A;Active_Others;A_shaking;693299;693328;29;74
N12_PA_2022;23/11/2022;Nido12_axy31_pichonA_23112022_S1;11;B;A;Active_Others;A_upward;693329;693457;128;75
N12_PA_2022;23/11/2022;Nido12_axy31_pichonA_23112022_S1;11;B;A;Resting;R;693458;693876;418;76
N12_PA_2022;23/11/2022;Nido12_axy31_pichonA_23112022_S1;11;B;A;Active_Others;A_upward;693877;694592;715;77
N12_PA_2022;23/11/2022;Nido12_axy31_pichonA_23112022_S1;11;B;A;Active_Others;A_shaking;694593;694619;26;78
N12_PA_2022;23/11/2022;Nido12_axy31_pichonA_23112022_S1;11;B;A;Active_Others;A_upward;694620;694814;194;79
N12_PA_2022;23/11/2022;Nido12_axy31_pichonA_23112022_S1;11;B;A;Resting;R;694815;696086;1271;80
N12_PA_2022;23/11/2022;Nido12_axy31_pichonA_23112022_S1;11;B;A;Active_Others;A_upward;696087;696136;49;81
N12_PA_2022;23/11/2022;Nido12_axy31_pichonA_23112022_S1;11;B;A;Active_Others;A_shaking;696137;696171;34;82
N12_PA_2022;23/11/2022;Nido12_axy31_pichonA_23112022_S1;11;B;A;Active_Others;A_upward;696172;697067;895;83
N12_PA_2022;23/11/2022;Nido12_axy31_pichonA_23112022_S1;11;B;A;Active_Others;A_shaking;697068;697091;23;84
N12_PA_2022;23/11/2022;Nido12_axy31_pichonA_23112022_S1;11;B;A;Active_Others;A_upward;697092;699007;1915;85
N12_PA_2022;23/11/2022;Nido12_axy31_pichonA_23112022_S1;11;B;A;Resting;R;699008;700465;1457;86
N12_PA_2022;23/11/2022;Nido12_axy31_pichonA_23112022_S1;11;B;A;Active_Others;A_upward;700466;700565;99;87
N12_PA_2022;23/11/2022;Nido12_axy31_pichonA_23112022_S1;11;B;A;Active_Others;A_shaking;700566;700602;36;88
N12_PA_2022;23/11/2022;Nido12_axy31_pichonA_23112022_S1;11;B;A;Active_Others;A_upward;700603;702130;1527;89
N12_PA_2022;23/11/2022;Nido12_axy31_pichonA_23112022_S1;11;B;A;Active_Others;A_downward_undAdultBelly;702131;702411;280;90
N12_PA_2022;23/11/2022;Nido12_axy31_pichonA_23112022_S1;11;B;A;Active_Others;A_downward;702412;702567;155;91
N12_PA_2022;23/11/2022;Nido12_axy31_pichonA_23112022_S1;11;B;A;Active_Others;A_downward_undAdultBelly;702568;703436;868;92
N12_PA_2022;23/11/2022;Nido12_axy31_pichonA_23112022_S1;11;B;A;Resting;R;703437;704479;1042;93
N12_PB_2022;23/11/2022;Nido12_axy34_pichonB_23112022_S1;9;B;B;Begging;B_consp;638452;640578;2126;1
N12_PB_2022;23/11/2022;Nido12_axy34_pichonB_23112022_S1;9;B;B;Active_Others;A_upward;640579;640688;109;2
N12_PB_2022;23/11/2022;Nido12_axy34_pichonB_23112022_S1;9;B;B;Active_Others;A_downward;640689;640729;40;3
N12_PB_2022;23/11/2022;Nido12_axy34_pichonB_23112022_S1;9;B;B;Active_Others;A_upward;640730;640899;169;4
N12_PB_2022;23/11/2022;Nido12_axy34_pichonB_23112022_S1;9;B;B;Begging;B_consp;640900;642246;1346;5
N12_PB_2022;23/11/2022;Nido12_axy34_pichonB_23112022_S1;9;B;B;Begging;B_pause;642247;642331;84;6
N12_PB_2022;23/11/2022;Nido12_axy34_pichonB_23112022_S1;9;B;B;Begging;B_consp;642332;643234;902;7
N12_PB_2022;23/11/2022;Nido12_axy34_pichonB_23112022_S1;9;B;B;Begging;B_pause;643235;643315;80;8
N12_PB_2022;23/11/2022;Nido12_axy34_pichonB_23112022_S1;9;B;B;Begging;B_consp;643316;643850;534;9
N12_PB_2022;23/11/2022;Nido12_axy34_pichonB_23112022_S1;9;B;B;Active_Others;A_downward;643851;644091;240;10
N12_PB_2022;23/11/2022;Nido12_axy34_pichonB_23112022_S1;9;B;B;Active_Others;A_upward;644092;646287;2195;11
N12_PB_2022;23/11/2022;Nido12_axy34_pichonB_23112022_S1;9;B;B;Active_Others;A_downward;646288;646465;177;12
N12_PB_2022;23/11/2022;Nido12_axy34_pichonB_23112022_S1;9;B;B;Begging;B_consp;646466;646759;293;13
N12_PB_2022;23/11/2022;Nido12_axy34_pichonB_23112022_S1;9;B;B;Active_Others;A_downward;646760;646881;121;14
N12_PB_2022;23/11/2022;Nido12_axy34_pichonB_23112022_S1;9;B;B;Begging;B_consp;646882;647181;299;15
N12_PB_2022;23/11/2022;Nido12_axy34_pichonB_23112022_S1;9;B;B;Active_Others;A_upward;647182;649251;2069;16
N12_PB_2022;23/11/2022;Nido12_axy34_pichonB_23112022_S1;9;B;B;Resting;R;649252;649503;251;17
N12_PB_2022;23/11/2022;Nido12_axy34_pichonB_23112022_S1;9;B;B;Active_Others;A_downward;649504;649836;332;18
N12_PB_2022;23/11/2022;Nido12_axy34_pichonB_23112022_S1;9;B;B;Active_Others;A_upward;649837;650289;452;19
N12_PB_2022;23/11/2022;Nido12_axy34_pichonB_23112022_S1;9;B;B;Active_Others;A_downward;650290;650633;343;20
N12_PB_2022;23/11/2022;Nido12_axy34_pichonB_23112022_S1;9;B;B;Active_Others;A_upward;650634;651406;772;21
N12_PB_2022;23/11/2022;Nido12_axy34_pichonB_23112022_S1;9;B;B;Active_Others;A_downward;651407;652421;1014;22
N12_PB_2022;23/11/2022;Nido12_axy34_pichonB_23112022_S1;9;B;B;Resting;R;652422;652612;190;23
N12_PB_2022;23/11/2022;Nido12_axy34_pichonB_23112022_S1;9;B;B;Active_Others;A_downward;652613;652822;209;24
N12_PB_2022;23/11/2022;Nido12_axy34_pichonB_23112022_S1;9;B;B;Active_Others;A_upward;652823;653506;683;25
N12_PB_2022;23/11/2022;Nido12_axy34_pichonB_23112022_S1;9;B;B;Begging;B_consp;653507;657843;4336;26
N12_PB_2022;23/11/2022;Nido12_axy34_pichonB_23112022_S1;9;B;B;Begging;B_pause;657844;657966;122;27
N12_PB_2022;23/11/2022;Nido12_axy34_pichonB_23112022_S1;9;B;B;Begging;B_consp;657967;658964;997;28
N12_PB_2022;23/11/2022;Nido12_axy34_pichonB_23112022_S1;9;B;B;Begging;B_pause;658965;659169;204;29
N12_PB_2022;23/11/2022;Nido12_axy34_pichonB_23112022_S1;9;B;B;Begging;B_consp;659170;662224;3054;30
N12_PB_2022;23/11/2022;Nido12_axy34_pichonB_23112022_S1;9;B;B;Begging;B_pause;662225;662411;186;31
N12_PB_2022;23/11/2022;Nido12_axy34_pichonB_23112022_S1;9;B;B;Begging;B_consp;662412;664551;2139;32
N12_PB_2022;23/11/2022;Nido12_axy34_pichonB_23112022_S1;9;B;B;Begging;B_pause;664552;664672;120;33
N12_PB_2022;23/11/2022;Nido12_axy34_pichonB_23112022_S1;9;B;B;Begging;B_consp;664673;668730;4057;34
N12_PB_2022;23/11/2022;Nido12_axy34_pichonB_23112022_S1;9;B;B;Eating;E_short;668731;668802;71;35
N12_PB_2022;23/11/2022;Nido12_axy34_pichonB_23112022_S1;9;B;B;Begging;B_consp;668803;669922;1119;36
N12_PB_2022;23/11/2022;Nido12_axy34_pichonB_23112022_S1;9;B;B;Eating;E_long;669923;670639;716;37
N12_PB_2022;23/11/2022;Nido12_axy34_pichonB_23112022_S1;9;B;B;Active_Others;Swallowing;670640;670721;81;38
N12_PB_2022;23/11/2022;Nido12_axy34_pichonB_23112022_S1;9;B;B;Begging;B_consp;670722;672236;1514;39
N12_PB_2022;23/11/2022;Nido12_axy34_pichonB_23112022_S1;9;B;B;Eating;E_long;672237;672980;743;40
N12_PB_2022;23/11/2022;Nido12_axy34_pichonB_23112022_S1;9;B;B;Active_Others;Swallowing;672981;673083;102;41
N12_PB_2022;23/11/2022;Nido12_axy34_pichonB_23112022_S1;9;B;B;Begging;B_consp;673084;675753;2669;42
N12_PB_2022;23/11/2022;Nido12_axy34_pichonB_23112022_S1;9;B;B;Eating;E_short;675754;675851;97;43
N12_PB_2022;23/11/2022;Nido12_axy34_pichonB_23112022_S1;9;B;B;Begging;B_consp;675852;676656;804;44
N12_PB_2022;23/11/2022;Nido12_axy34_pichonB_23112022_S1;9;B;B;Active_Others;A_upward_stealingFood;676657;677015;358;45
N12_PB_2022;23/11/2022;Nido12_axy34_pichonB_23112022_S1;9;B;B;Begging;B_consp;677016;679666;2650;46
N12_PB_2022;23/11/2022;Nido12_axy34_pichonB_23112022_S1;9;B;B;Eating;E_long;679667;680139;472;47
N12_PB_2022;23/11/2022;Nido12_axy34_pichonB_23112022_S1;9;B;B;Active_Others;Swallowing;680140;680244;104;48
N12_PB_2022;23/11/2022;Nido12_axy34_pichonB_23112022_S1;9;B;B;Begging;B_consp;680245;683612;3367;49
N12_PB_2022;23/11/2022;Nido12_axy34_pichonB_23112022_S1;9;B;B;Begging;B_pause;683613;683639;26;50
N12_PB_2022;23/11/2022;Nido12_axy34_pichonB_23112022_S1;9;B;B;Begging;B_consp;683640;685372;1732;51
N12_PB_2022;23/11/2022;Nido12_axy34_pichonB_23112022_S1;9;B;B;Begging;B_pause;685373;685439;66;52
N12_PB_2022;23/11/2022;Nido12_axy34_pichonB_23112022_S1;9;B;B;Begging;B_consp;685440;685745;305;53
N12_PB_2022;23/11/2022;Nido12_axy34_pichonB_23112022_S1;9;B;B;Begging;B_pause;685746;685824;78;54
N12_PB_2022;23/11/2022;Nido12_axy34_pichonB_23112022_S1;9;B;B;Begging;B_consp;685825;685961;136;55
N12_PB_2022;23/11/2022;Nido12_axy34_pichonB_23112022_S1;9;B;B;Begging;B_pause;685962;686021;59;56
N12_PB_2022;23/11/2022;Nido12_axy34_pichonB_23112022_S1;9;B;B;Begging;B_consp;686022;686078;56;57
N12_PB_2022;23/11/2022;Nido12_axy34_pichonB_23112022_S1;9;B;B;Begging;B_pause;686079;686164;85;58
N12_PB_2022;23/11/2022;Nido12_axy34_pichonB_23112022_S1;9;B;B;Begging;B_consp;686165;686308;143;59
N12_PB_2022;23/11/2022;Nido12_axy34_pichonB_23112022_S1;9;B;B;Begging;B_pause;686309;686373;64;60
N12_PB_2022;23/11/2022;Nido12_axy34_pichonB_23112022_S1;9;B;B;Begging;B_consp;686374;686597;223;61
N12_PB_2022;23/11/2022;Nido12_axy34_pichonB_23112022_S1;9;B;B;Active_Others;A_downward;686598;686837;239;62
N12_PB_2022;23/11/2022;Nido12_axy34_pichonB_23112022_S1;9;B;B;Begging;B_consp;686838;686938;100;63
N12_PB_2022;23/11/2022;Nido12_axy34_pichonB_23112022_S1;9;B;B;Begging;B_pause;686939;686989;50;64
N12_PB_2022;23/11/2022;Nido12_axy34_pichonB_23112022_S1;9;B;B;Begging;B_consp;686990;687493;503;65
N12_PB_2022;23/11/2022;Nido12_axy34_pichonB_23112022_S1;9;B;B;Begging;B_pause;687494;687624;130;66
N12_PB_2022;23/11/2022;Nido12_axy34_pichonB_23112022_S1;9;B;B;Begging;B_consp;687625;688414;789;67
N12_PB_2022;23/11/2022;Nido12_axy34_pichonB_23112022_S1;9;B;B;Begging;B_pause;688415;688484;69;68
N12_PB_2022;23/11/2022;Nido12_axy34_pichonB_23112022_S1;9;B;B;Begging;B_consp;688485;689189;704;69
N12_PB_2022;23/11/2022;Nido12_axy34_pichonB_23112022_S1;9;B;B;Begging;B_pause;689190;689305;115;70
N12_PB_2022;23/11/2022;Nido12_axy34_pichonB_23112022_S1;9;B;B;Begging;B_consp;689306;689729;423;71
N12_PB_2022;23/11/2022;Nido12_axy34_pichonB_23112022_S1;9;B;B;Begging;B_pause;689730;689812;82;72
N12_PB_2022;23/11/2022;Nido12_axy34_pichonB_23112022_S1;9;B;B;Begging;B_consp;689813;690883;1070;73
N12_PB_2022;23/11/2022;Nido12_axy34_pichonB_23112022_S1;9;B;B;Begging;B_pause;690884;690972;88;74
N12_PB_2022;23/11/2022;Nido12_axy34_pichonB_23112022_S1;9;B;B;Begging;B_consp;690973;691496;523;75
N12_PB_2022;23/11/2022;Nido12_axy34_pichonB_23112022_S1;9;B;B;Active_Others;A_upward;691497;692033;536;76
N12_PB_2022;23/11/2022;Nido12_axy34_pichonB_23112022_S1;9;B;B;Begging;B_consp;692034;692422;388;77
N12_PB_2022;23/11/2022;Nido12_axy34_pichonB_23112022_S1;9;B;B;Active_Others;A_upward;692423;693820;1397;78
N12_PB_2022;23/11/2022;Nido12_axy34_pichonB_23112022_S1;9;B;B;Begging;B_consp;693821;694312;491;79
N12_PB_2022;23/11/2022;Nido12_axy34_pichonB_23112022_S1;9;B;B;Active_Others;A_upward;694313;694615;302;80
N12_PB_2022;23/11/2022;Nido12_axy34_pichonB_23112022_S1;9;B;B;Begging;B_consp;694616;695034;418;81
N12_PB_2022;23/11/2022;Nido12_axy34_pichonB_23112022_S1;9;B;B;Active_Others;A_downward;695035;695164;129;82
N12_PB_2022;23/11/2022;Nido12_axy34_pichonB_23112022_S1;9;B;B;Active_Others;A_upward;695165;695502;337;83
N12_PB_2022;23/11/2022;Nido12_axy34_pichonB_23112022_S1;9;B;B;Active_Others;A_downward;695503;695659;156;84
N12_PB_2022;23/11/2022;Nido12_axy34_pichonB_23112022_S1;9;B;B;Active_Others;A_upward;695660;695922;262;85
N12_PB_2022;23/11/2022;Nido12_axy34_pichonB_23112022_S1;9;B;B;Active_Others;A_downward;695923;696027;104;86
N12_PB_2022;23/11/2022;Nido12_axy34_pichonB_23112022_S1;9;B;B;Active_Others;A_upward;696028;696232;204;87
N12_PB_2022;23/11/2022;Nido12_axy34_pichonB_23112022_S1;9;B;B;Active_Others;A_downward;696233;696624;391;88
N12_PB_2022;23/11/2022;Nido12_axy34_pichonB_23112022_S1;9;B;B;Active_Others;A_upward;696625;698913;2288;89
N12_PB_2022;23/11/2022;Nido12_axy34_pichonB_23112022_S1;9;B;B;Begging;B_consp;698914;699204;290;90
N12_PB_2022;23/11/2022;Nido12_axy34_pichonB_23112022_S1;9;B;B;Active_Others;A_downward;699205;699325;120;91
N12_PB_2022;23/11/2022;Nido12_axy34_pichonB_23112022_S1;9;B;B;Begging;B_consp;699326;700021;695;92
N12_PB_2022;23/11/2022;Nido12_axy34_pichonB_23112022_S1;9;B;B;Active_Others;A_upward;700022;702146;2124;93
N12_PB_2022;23/11/2022;Nido12_axy34_pichonB_23112022_S1;9;B;B;Active_Others;A_downward_undAdultBelly;702147;702539;392;94
N12_PB_2022;23/11/2022;Nido12_axy34_pichonB_23112022_S1;9;B;B;Resting;R;702540;704063;1523;95
